phone_id,n_network_technology,n_body_weight,n_display_type,n_display_size,n_micro_sdcard,n_sound_3p5mm,n_bluetooth,n_gps,n_comms_usb,n_usb_conn,n_fingerprint,n_android_ver,n_main_camera_resolution,n_main_camera_af,n_main_camera_ois,n_battery_capacity,n_total_cpu_speed,n_internal_memory,n_ram
1,4,146,2,5.71,1,1,5,1,2,2,0,9,13,1,0,3020,8,64,3
2,4,480,2,10.4,1,0,5.1,1,2,3,0,10,13,1,0,7250,20,64,6
3,4,144,0,5.45,1,1,5,1,2,2,0,10,8,1,0,3020,16,32,2
4,4,150,2,6.09,1,1,4.2,1,2,2,1,9,13,1,0,3020,18.4,64,3
5,5,146,2,5.71,1,1,5,1,2,2,0,9,13,1,0,3020,16,32,2
6,4,146,2,5.71,1,1,5,1,2,2,0,9,13,1,0,3020,8,32,2
7,4,150,2,5.7,1,1,5,1,2,2,1,8.1,13,1,0,3075,11.2,64,4
8,4,310,2,8,1,1,5,1,2,2,0,10,5,0,0,5100,16,16,2
9,4,450,2,10.4,1,0,5.1,1,2,3,0,10,8,1,0,7250,17.6,64,4
10,4,460,2,10.8,1,0,5.1,1,3.1,3,0,10,13,1,0,7250,22.4,128,6
11,3,460,2,10.8,1,0,5.1,1,3.1,3,0,10,13,1,0,7250,22.4,128,6
12,4,234,2,5,1,1,5,1,2,2,1,10,13,1,0,4000,7.2,16,2
13,4,163,2,6.22,1,1,5,1,2,2,0,8.1,8,1,0,4030,8,16,2
14,4,163,2,6.22,1,1,5,1,2,2,0,8.1,13,1,0,4030,16,16,2
15,4,160,2,5.67,1,1,4.2,1,2,2,0,9,13,1,0,2920,8,16,2
16,3,133,1,5,1,1,4,1,2,2,0,9.1,5,0,0,2000,5.2,16,1
17,4,165,2,6.09,1,1,4.2,1,2,3,1,9,16,1,0,3200,8,32,3
18,4,215,3,6.65,1,1,5,1,3.1,3,1,9,48,1,0,5000,23.2,128,8
19,4,157,2,5.45,1,1,4.2,1,2,2,0,9,13,1,0,2600,12.8,16,2
20,4,144,2,5,1,1,4.2,1,2,2,0,9,8,1,0,2000,5.6,16,1
21,5,144,2,5,1,1,4.2,1,2,2,0,9,8,1,0,2000,5.2,16,1
22,4,215,3,6.65,1,1,5,1,2,3,1,9,48,1,0,5000,22.4,64,6
23,4,135,2,5.45,1,1,4.2,1,2,2,1,8.1,13,1,0,3200,5.6,16,2
24,4,146,2,6.01,1,1,4.2,1,2,2,0,9,16,1,0,3200,16,32,2
25,4,146,2,5.71,1,1,5,1,2,2,0,9,13,1,0,3020,8,64,3
26,4,480,2,10.4,1,0,5.1,1,2,3,0,10,13,1,0,7250,20,64,6
27,4,144,0,5.45,1,1,5,1,2,2,0,10,8,1,0,3020,16,32,2
28,4,150,2,6.09,1,1,4.2,1,2,2,1,9,13,1,0,3020,18.4,64,3
29,5,146,2,5.71,1,1,5,1,2,2,0,9,13,1,0,3020,16,32,2
30,4,146,2,5.71,1,1,5,1,2,2,0,9,13,1,0,3020,8,32,2
31,4,150,2,5.7,1,1,5,1,2,2,1,8.1,13,1,0,3075,11.2,64,4
32,4,310,2,8,1,1,5,1,2,2,0,10,5,0,0,5100,16,16,2
33,4,450,2,10.4,1,0,5.1,1,2,3,0,10,8,1,0,7250,17.6,64,4
34,3,460,2,10.8,1,0,5.1,1,3.1,3,0,10,13,1,0,7250,22.4,128,6
35,3,460,2,10.8,1,0,5.1,1,3.1,3,0,10,13,1,0,7250,22.4,128,6
36,4,498,2,10.8,1,1,5,1,2,3,1,9,13,1,0,7500,20.8,64,4
37,4,340,2,8.4,1,0,5,1,2,3,0,9,13,1,0,6100,20.8,128,6
38,3,320,2,8.4,1,0,5,1,2,3,0,9,13,1,0,6100,20.8,64,4
39,4,149,2,5,1,1,4,1,2,2,0,4.4,5,1,0,2000,4.8,4,1
40,3,149,0,5,1,1,4,1,2,2,0,4.4,5,1,0,2000,4.8,4,1
41,3,327,2,8,1,1,4,1,2,2,0,4.4,5,1,0,4100,4.8,8,1
42,4,131,1,4.65,1,1,4,1,2,2,0,4.1,8,1,0,2100,6,4,1
43,4,143,2,4.7,1,1,4,1,2,2,0,4.2,8,1,0,1800,5.2,8,1
44,4,210,2,5,1,1,4,1,2,2,0,7,8,1,0,4000,5.2,16,2
45,4,155,2,5.2,1,1,4.2,1,1,3,1,6,13,1,0,3000,14.4,128,6
46,4,155,2,5.2,1,1,4.2,1,1,3,1,6,13,1,0,2950,14.4,64,4
47,3,223,2,5,1,1,4,1,2,2,0,7,8,1,0,3500,6,32,3
48,3,193,2,5.5,1,1,4,1,3,3,1,6,20,1,0,2950,16,64,4
49,3,154,2,5,1,1,4,1,2,2,0,5.1,13,1,0,2100,4.8,8,1
50,4,160,2,5,1,1,4,1,2,2,0,4.4,8,1,0,2000,4.8,8,1
51,4,142,2,5,1,1,4,1,2,2,0,4.4,16,1,0,2700,12,16,2
52,4,232,2,6.4,1,1,3,1,2,2,0,4.2,8,1,0,2800,5.2,4,1
53,4,140,2,5,1,1,4,1,2,2,0,4.2,8,1,0,2000,13.6,8,1
54,4,160,2,5,1,1,4,1,2,2,0,4.3,8,1,0,2000,4.8,8,1
55,4,140,2,4.5,1,1,4,1,2,2,0,4.3,5,1,0,1850,4.8,4,1
56,4,140,2,5.45,1,1,4,1,2,2,0,8,13,1,0,3000,11.2,16,2
57,4,147,3,5.2,1,1,4.2,1,3,3,1,7,23,1,1,3000,8.4,32,4
58,4,144,2,5.5,1,1,4.1,1,2,2,1,7,13,1,0,3000,11.2,32,3
59,4,144,2,5.5,1,1,4.1,1,2,2,1,7,16,1,0,3000,11.2,64,4
60,4,306,2,7.9,1,1,4.2,1,1,3,0,7,13,1,0,4680,14.4,16,3
61,4,175,2,5.2,1,1,4,1,2,2,1,7,13,1,0,5000,12,32,3
62,4,490,2,9.7,1,1,4.1,1,2,3,0,6,8,1,0,7800,8.4,32,4
63,4,320,2,7.9,1,1,4.1,1,1,3,0,6,8,0,0,4680,8.4,32,4
64,4,150,2,5,1,1,4,1,2,2,0,6,13,1,0,2600,4,16,2
65,4,151,2,5.5,1,1,4.2,1,2,3,1,6.1,16,1,1,3000,16,64,4
66,4,490,2,9.7,1,1,4.2,1,1,3,0,6,8,0,0,7800,8.4,32,3
67,4,148,2,5.2,1,1,4,1,2,2,1,6,13,1,0,4130,4.8,32,3
68,4,144,2,5.2,1,1,4.2,1,2,3,1,6.1,16,1,1,2600,16,64,4
69,4,158,2,5.2,1,1,4,1,2,2,1,6,13,1,0,4100,5.2,32,3
70,3,155,2,5.5,1,1,4.2,1,2,3,1,6,16,1,1,3000,16,64,4
71,4,135,2,4.5,1,1,4,1,2,2,0,6,8,1,0,2070,4.8,8,1
72,3,153,2,5,1,1,4,1,2,2,0,4.4,8,1,0,2500,4.8,16,2
73,4,133,2,4.5,1,1,4,1,2,2,0,5.1,5,1,0,1600,5.2,8,1
74,4,140,2,5,1,1,4,1,2,2,0,5.1,8,1,0,2070,5.2,16,2
75,3,190,2,6,1,1,4.1,1,2,2,0,5,13,1,0,3000,13.6,16,2
76,4,190,2,6,1,1,4.1,1,2,2,0,5,13,1,0,3000,13.6,16,2
77,4,170,2,5.5,1,1,4,1,2,2,0,5,13,1,0,3000,4.8,32,3
78,4,155,2,5,1,1,4,1,2,2,0,5,8,1,0,2500,3.2,8,1
79,4,156,2,5.5,1,1,4.1,1,2,2,0,5.1,13,1,0,3030,13.6,32,3
80,3,155,2,5,1,1,4,1,2,2,0,5,8,1,0,2500,3.2,16,2
81,4,170,2,5.5,1,1,4,1,2,2,0,5,13,1,0,3000,7.2,16,2
82,4,150,2,4.5,1,1,4,1,2,2,0,4.4,5,1,0,2100,2.4,8,1
83,3,148,2,4.5,1,1,4,1,2,2,0,4.4,5,1,0,2060,3.2,8,1
84,4,134,2,4.5,1,1,4,1,2,2,0,4.4,8,1,0,1750,2.4,8,1
85,3,150,2,5,1,1,4,1,2,2,0,4.4,13,1,0,2300,9.2,16,2
86,3,150,2,5,1,1,4,1,2,2,0,4.4,13,1,0,2300,9.2,16,2
87,3,145,2,5,1,1,4,1,2,2,0,4.3,8,1,0,2110,2.4,8,2
88,4,150,2,4.5,1,1,4,1,2,2,0,4.4,5,1,0,2060,3.2,8,1
89,4,116,2,4,1,1,4,1,2,2,0,4.3,8,1,0,1170,3.2,8,1
90,4,105,2,4.3,1,1,4,1,2,2,0,4.3,8,1,0,1500,5.6,16,1
91,4,128,2,4.5,1,1,4,1,2,2,0,4.4,8,1,0,1840,4.8,4,1
92,4,135,2,5,1,1,4,1,2,2,0,4.4,13,1,0,2520,4.8,16,2
93,4,167,2,5.5,1,1,4.2,1,2,3,1,7.1,12,1,0,4000,16,32,4
94,4,178,2,5.5,1,1,4,1,2,2,0,7,13,1,0,3000,5.6,32,4
95,4,180,2,4.5,1,1,4.2,1,3.1,3,1,7.1,12,1,0,3500,16,64,4
96,4,165,3,5.5,1,1,4.2,1,2,3,1,6,21,1,0,3000,8.4,32,4
97,4,135,2,5.2,1,1,4.2,1,2,2,0,6,13,1,0,2610,12,16,3
98,3,192,3,5.4,1,1,4.1,1,2,2,0,5.1,18,1,1,3410,8.4,32,3
99,4,170,2,5,1,1,4,1,2,2,0,10.3,8,1,0,2800,3,16,2
100,4,140,0,3.1,1,1,4,1,2,2,0,10.3,8,1,0,2100,3,64,2
101,4,196,2,4.5,1,1,4,1,2,2,0,10.3,13,1,1,3450,8.8,32,3
102,4,177,2,3.5,1,1,4,1,2,2,0,10.3,8,1,0,2515,3,16,2
103,4,164,0,5,1,1,4,1,2,2,0,10.2,5,1,0,2500,2.4,8,1.5
104,4,170,3,5,1,1,4,1,2,2,0,10.2,8,1,0,2880,3.4,16,2
105,3,120,2,3.1,1,1,4,1,2,2,0,10.2,5,1,0,2180,2.4,8,2
106,3,137,0,4.2,1,1,4,1,2,2,0,10,8,1,0,1800,3,16,2
107,3,139,3,3.1,1,1,4,1,2,2,0,10,8,1,0,2100,3,16,2
108,3,153,2,5,1,1,4,1,2,2,0,8.1,5,1,0,2000,5.6,8,1
109,3,203,2,5.5,1,1,4.2,1,2,2,0,8.1,8,1,0,2500,5.6,16,1
110,4,145,2,5,1,1,2.1,1,2,2,0,8.1,5,0,0,2000,5.2,8,1
111,4,126,2,5.2,1,1,4,1,2,2,0,8.1,8,1,0,2000,5.2,16,1
112,4,167,2,5.5,1,1,4,1,2,2,0,8.1,8,1,0,2500,5.2,16,1
113,3,154,2,5.34,1,1,4,1,2,2,1,8.1,8,1,0,2500,5.2,16,1
114,4,184,2,5.7,1,1,4,1,2,2,1,7,13,1,0,3000,10.4,32,3
115,4,159,2,5.5,1,1,4,1,2,2,1,7,8,0,0,2850,5.2,8,1
116,4,143,2,5.5,1,1,4,1,2,2,1,8,13,1,0,3000,5.2,32,3
117,3,173,2,6,1,1,4,1,2,2,1,7.1,13,0,0,4000,5.2,16,2
118,4,169,2,6,1,1,4,1,2,2,1,7.1,13,1,0,3000,5.6,32,3
119,3,140,2,5,1,1,4,1,2,2,1,7,8,0,0,2000,5.2,16,2
120,4,160,2,5.5,1,1,4,1,2,2,1,7.1,12,0,0,3000,5.2,16,2
121,4,174,2,5.7,1,1,4,1,2,2,1,7,13,0,0,3000,5.2,16,1
122,3,180,2,5.5,1,1,4,1,2,2,1,7,13,1,0,4010,16,64,4
123,3,152,2,5,1,1,4,1,2,2,1,6,13,1,0,3000,11.2,64,4
124,3,150,2,5,1,1,4,1,2,2,0,5.1,8,1,0,2000,5.2,16,1
125,3,142,3,5.5,1,1,4,1,2,3,0,5.1,13,1,0,3150,10.4,32,3
126,3,207,3,6,1,1,4,1,2,2,1,5.1,24,1,1,3500,16,64,3
127,4,177,2,6,1,1,4,1,2,2,0,5,8,1,0,3000,5.2,8,1
128,4,180,2,5,1,1,4,1,2,2,0,4.4,8,1,0,5000,5.2,8,1
129,3,154,2,5,1,1,4,1,2,2,0,4.4,8,1,0,2100,5.2,8,1
130,3,97,3,4.8,1,1,4,1,2,2,0,4.4,8,1,0,2100,13.6,16,1
131,3,177,2,6,1,1,3,1,2,2,0,4.4,13,1,0,3200,6.4,16,2
132,3,164,2,5,1,1,3,1,2,2,0,4.4,13,1,0,2200,4.8,8,1
133,3,299,0,7,1,1,3,1,2,2,0,4.4,5,1,0,3000,2.6,8,1
134,3,166,2,5,1,1,3,1,2,2,0,4.4,8,1,0,2000,5.2,4,1
135,3,129,3,5,1,1,4,1,2,2,0,4.2,13,1,0,2300,13.6,16,2
136,2,136,2,5,1,1,4,1,2,2,0,4.2,8,0,0,2000,13.6,8,1
137,3,152,2,5.5,1,1,4,1,2,2,0,4.2,16,1,0,2500,8.8,32,3
138,3,155,2,5,1,1,3,1,2,2,0,4.2,8,1,0,2000,5.2,4,1
139,3,166,2,5.5,1,1,3,1,2,2,0,4.2,8,1,0,2350,5.2,4,1
140,3,149,2,4.5,1,1,4,1,2,2,0,4.2,8,1,0,3000,6,16,1
141,3,135,3,4.8,1,1,3,1,2,2,0,4.2,8,1,0,2000,6,16,1
142,3,404,2,8,1,1,4,1,2,2,0,4.2,5,1,0,4500,4.8,8,1
143,3,109,2,4.7,1,1,4,1,2,2,0,4.2,8,1,0,1800,5.2,4,1
144,4,144,2,5,1,1,4,1,2,2,0,4.2,12,1,0,2000,6,4,1
145,4,150,2,5,1,1,2.1,1,2,2,0,5.1,8,1,0,2000,4.8,8,1
146,4,150,2,5,1,1,4,1,2,2,0,4.4,13,1,0,2000,5.2,8,1
147,4,135,2,5.45,1,1,4.2,1,2,2,0,7.1,8,1,0,2670,5.2,16,2
148,4,199,2,6,1,1,4.1,1,2,2,1,7.1,13,1,0,5000,11.2,64,4
149,4,166,2,5.2,1,1,4,1,2,2,1,7,13,1,0,4000,6,16,3
150,4,161,2,5.3,1,1,4.1,1,2,2,1,7,13,1,0,4000,10.4,32,3
151,4,151,2,5.2,1,1,4,1,2,2,1,7.1,13,1,0,3100,5.6,32,4
152,4,182,2,5.5,1,1,4,1,2,2,1,7,13,1,0,4010,16,64,4
153,4,162,2,5.3,1,1,4,1,2,2,0,6,13,1,0,4000,12,32,4
154,4,167,2,5,1,1,4,1,2,2,0,6,8,1,0,2300,5.2,16,2
155,4,183,2,5.5,1,1,4,1,2,2,0,6,13,1,0,3100,17.6,32,3
156,4,166,2,5.5,1,1,4,1,2,3,1,6,13,1,0,3150,10.4,32,3
157,4,170,2,5.5,1,1,4,1,2,3,1,6,13,1,0,3130,14.4,64,4
158,4,153,2,4.5,1,1,4,1,2,2,0,5,5,1,0,1800,5.2,8,1
159,3,207,2,4.2,1,1,4,1,1,3,1,5.1,16,1,0,2530,16,64,4
160,4,147,3,5.5,1,1,4,1,2,2,1,6,16,1,0,3000,15.2,64,4
161,4,200,1,5.5,1,1,4,1,2,2,1,5.1,8,1,0,5000,4,16,3
162,4,208,3,6,1,1,4,1,1,3,1,5.1,13,1,0,5020,10.4,64,3
163,4,183,2,5,1,1,4,1,2,2,0,5.1,8,1,0,4000,5.2,32,3
164,4,153,2,5,1,1,4,1,2,2,0,5.1,5,1,0,2000,5.2,16,1
165,4,147,3,5.5,1,1,4,1,2,3,0,5.1,13,1,0,3150,10.4,32,3
166,3,136,2,5,1,1,2,1,2,2,0,5,8,1,0,2400,5.2,16,2
167,3,210,3,6,1,1,4,1,2,2,1,5.1,24,1,1,3500,16,64,3
168,3,176,3,5,1,1,2,1,2,2,0,5,8,1,0,5000,5.2,16,2
169,3,211,3,5.5,1,1,4,1,2,2,0,5.1,13,1,0,6020,5.2,32,3
170,3,125,3,5.2,1,1,4,1,2,2,0,5,13,1,0,2700,13.6,16,2
171,3,180,2,5,1,1,4,1,2,2,0,4.4,8,1,0,5000,5.2,8,1
172,3,97,3,4.8,1,1,4,1,2,2,0,4.4,8,1,0,2050,13.6,16,1
173,4,150,1,5,1,1,4,1,2,2,0,4.4,5,1,0,1950,5.2,8,1
174,4,133,3,5,1,1,4,1,2,2,0,4.2,13,1,0,2300,13.6,16,2
175,4,160,2,5.5,1,1,4,1,2,3,1,7.1,13,1,0,3000,11.2,32,3
176,4,150,0,6.09,1,1,4.2,1,2,2,1,9,13,1,0,3020,18.4,64,3
177,4,310,2,8,1,1,4.2,1,2,2,0,9,8,1,0,5100,17.6,64,4
178,4,142,0,5.45,1,1,4.2,1,2,2,0,8.1,13,1,0,3020,6,16,2
179,4,145,2,5.2,1,1,4.1,1,2,2,1,7,13,1,0,3000,12,32,3
180,4,143,2,5,1,1,4.1,1,2,2,1,7,13,1,0,3020,12,32,3
181,4,145,3,5.09,1,1,4.2,1,1,3,1,6,12,1,0,2900,18.4,64,4
182,4,170,2,5.7,1,1,4.2,1,1,3,1,6,12,1,0,3500,18.4,32,4
183,4,168,2,5.5,1,1,4,1,2,2,0,6,13,1,0,3100,9.6,16,2
184,4,140,2,5,1,1,4,1,2,2,0,5.1,13,1,0,2200,4,16,2
185,3,156,2,5.2,1,1,4.1,1,2,2,0,6,13,1,0,3000,16,16,2
186,4,160,2,5,1,1,4,1,2,2,0,5.1,13,1,0,4000,5.2,16,2
187,4,158,2,5.5,1,1,4.1,1,2,2,1,5.1,13,1,0,3000,9.6,16,2
188,3,160,2,5.2,1,1,4,1,2,2,1,5.1,13,1,0,3100,13.6,32,3
189,3,162,2,5,1,1,4,1,2,2,0,4.4,13,1,0,2550,9.6,8,2
190,4,165,2,5.5,1,1,4,1,2,2,0,4.4,13,1,0,3000,9.6,8,2
191,4,156,2,5,1,1,4,1,2,2,0,4.4,8,1,0,2000,5.2,16,1
192,3,160,2,5,1,1,4,1,2,2,0,4.4,8,1,0,2000,4.8,8,1
193,3,156,0,5,1,1,4,1,2,2,0,4.2,8,1,0,2000,5.2,16,1
194,4,140,2,5,1,1,4,1,2,2,0,4.4,8,1,0,2300,6.4,8,1
195,3,195,0,5.96,1,1,4,1,3,3,0,10,16,1,0,4150,8.4,64,4
196,4,160,2,6,1,1,3,1,2,2,0,4.4,8,1,0,3000,4.8,16,1
197,4,305,1,6.95,1,1,4,1,2,2,0,4.4,5,0,0,3000,5.2,8,1
198,4,239,2,7,1,1,4,1,2,2,0,4.2,13,1,0,5000,6.4,16,2
199,4,325,2,7,1,1,3,1,2,2,0,4.2,5,1,0,4100,4.8,16,1
200,4,160,2,6,1,1,3,1,2,2,0,4.3,5,1,0,3000,4.8,16,1
201,4,150,2,5.7,1,1,4.2,1,2,2,1,8.1,13,1,0,3075,11.2,64,4
202,4,188,0,6,1,0,5,1,3.1,3,1,8,12,1,1,3930,19.2,128,6
203,4,142,0,5.2,1,0,5,1,2,3,1,8,16,1,0,2600,17.6,64,4
204,4,169,0,5.5,1,0,4.2,1,3.1,3,1,7.1,12,1,1,3000,19.2,128,6
205,4,145,0,5.2,1,0,4.2,1,2,3,1,6,16,1,1,2500,16,64,4
206,4,140,2,5,1,1,4.1,1,2,2,0,6,13,1,0,2200,6.4,16,2
207,4,165,2,5.5,1,1,4.2,1,2,2,1,6,20,1,0,3000,14.4,64,4
208,4,148,2,5,1,1,4.1,1,2,2,0,6,13,1,0,3300,6,32,3
209,4,155,2,5.5,1,1,4.1,1,2,2,0,6,13,1,0,2700,5.6,32,3
210,4,149,0,5,1,1,4.2,1,2,2,1,6,13,1,0,2300,14.4,32,3
211,4,153,0,5.5,1,1,4.1,1,2,2,0,5.1,13,1,0,2800,12,32,3
212,4,142,2,5,1,1,4.1,1,2,2,0,5.1,13,1,0,2200,10.4,32,3
213,4,158,0,5,1,1,4.1,1,2,2,0,5,13,1,1,2840,17.6,16,2
214,4,156,0,5.5,1,1,4.1,1,2,2,0,6,13,1,1,2800,12,32,3
215,4,158,0,5,1,1,4.1,1,2,2,0,6,13,1,1,2840,16,16,2
216,4,161,0,5.2,1,1,4.2,1,2,3,1,6,12,1,1,3000,14.4,32,3
217,4,155,0,5.5,1,1,4.1,1,2,2,0,6,13,1,0,2700,6.4,16,2
218,4,140,0,5,1,1,4.1,1,2,2,0,6,13,1,0,2200,6.4,16,2
219,4,140,0,5,1,1,4.1,1,2,2,0,6,8,1,0,2200,4.4,16,1.5
220,4,140,0,5,1,1,4,1,2,2,0,5.1,5,1,0,2000,4.4,8,1.5
221,4,170,0,5.5,1,1,4.2,1,2,2,0,6,13,1,1,3000,17.6,32,3
222,4,158,0,5,1,1,4.1,1,2,2,0,5.1,13,1,1,2840,17.6,16,2
223,4,153,0,5.5,1,1,4.1,1,2,2,0,5.1,13,1,0,2800,10.4,16,2
224,4,165,0,5.5,1,1,4.1,1,2,2,0,5,13,1,0,2600,12,16,2
225,4,161,0,5.2,1,1,4.1,1,2,2,0,5,20,1,0,2700,12,32,3
226,3,143,3,5,1,1,4.1,1,2,2,1,6,13,1,1,2150,12,16,2
227,3,168,0,5.2,1,1,4.1,1,2,2,1,5.2,21,1,1,2840,17.6,32,3
228,4,138,0,5,1,1,4.1,1,2,2,0,5.1,8,1,0,2000,4.4,8,1
229,4,156,0,4.7,1,1,4.1,1,2,2,0,5.1,8,1,0,2000,4.4,8,1.5
230,4,155,0,5.2,1,1,4.1,1,2,2,1,5.2,20,1,0,2840,17.6,32,3
231,4,154,2,5.5,1,1,4,1,2,2,0,4.4,13,1,0,2600,13.6,16,1
232,3,146,0,4.5,1,1,4,1,2,2,0,4.4,8,1,0,2000,4.8,8,1
233,4,150,0,5.5,1,1,4.1,1,2,2,0,5,20,1,0,2800,16,32,3
234,3,147,0,5.5,1,1,4.1,1,2,2,0,5,13,1,0,2800,16,16,2
235,4,157,0,5,1,1,4.1,1,2,2,0,5,20,1,0,2840,12,32,3
236,3,155,2,5.5,1,1,4,1,2,2,0,4.4,13,1,0,2600,13.6,16,2
237,3,138,2,5,1,1,4,1,2,2,0,4.4,13,1,0,2000,13.6,8,1
238,4,183,0,5.5,1,1,4.1,1,2,2,0,5,13,1,0,2600,13.6,16,2
239,4,145,1,4.5,1,1,4,1,2,2,0,4.4,5,1,0,2100,5.2,8,1
240,4,160,0,5,1,1,4,1,2,2,0,4.4,8,1,0,2100,13.6,8,1
241,4,160,0,5,1,1,4,1,2,2,0,4.4,8,1,0,2100,4.8,8,1
242,4,160,0,5,1,1,4,1,2,2,0,4.4,13,1,0,2600,9.2,16,2
243,4,154,2,5.2,1,1,4,1,2,2,0,4.4,13,1,0,2400,9.2,16,2
244,4,146,0,4.7,1,1,4,1,2,2,0,4.4,8,1,0,2040,4.8,8,1
245,4,155,1,5.5,1,1,4,1,2,2,0,4.4,13,1,0,2600,4.8,16,1
246,3,155,0,5.5,1,1,4,1,2,2,0,4.4,13,1,0,2600,13.6,16,2
247,4,155,0,5.5,1,1,4,1,2,2,0,4.4,13,1,0,2600,12,16,2
248,4,164,0,5,1,1,4,1,2,2,0,4.4,13,1,0,2600,9.2,16,2
249,4,158,2,4.7,1,1,4,1,2,2,0,4.4,5,0,0,2100,4.8,8,1
250,3,160,0,5,1,1,4,1,2,2,0,8.1,4,1,0,2600,9.2,32,2
251,4,160,0,5,1,1,4,1,2,2,0,8.1,4,1,0,2600,9.2,32,2
252,3,137,0,4.5,1,1,4,1,2,2,0,4.4,13,1,0,2100,4.8,16,1.5
253,4,160,0,5,1,1,4,1,2,2,0,4.4,4,1,0,2600,9.2,16,2
254,4,160,2,5,1,1,4,1,2,2,0,4.2,5,0,0,1950,4.8,4,1
255,3,137,0,4.5,1,1,4,1,2,2,0,4.4,13,1,0,2110,4.8,16,1
256,3,150,2,5,1,1,4,1,2,2,0,4.2,8,1,0,2000,11.2,4,1
257,4,160,0,5,1,1,4,1,2,2,0,4.4,4,1,0,2600,9.2,32,2
258,3,165,0,5.5,1,1,4,1,2,2,0,4.4,13,1,0,2600,6.4,8,1.5
259,4,143,2,4.7,1,1,4,1,2,2,0,4.4,8,1,0,2040,4.8,8,1
260,4,130,0,4.3,1,1,4,1,2,2,0,4.1,8,1,0,2100,2.4,8,1
261,4,149,2,5,1,1,4,1,2,2,0,4.1,8,1,0,2100,4.8,8,1
262,4,149,2,5,1,1,4,1,2,2,0,4.1,8,1,0,2100,4.8,8,1
263,4,150,2,6.09,1,1,4.2,1,2,2,0,9,13,1,0,3020,8,32,3
264,4,150,2,6.09,1,1,4.2,1,2,2,1,9,13,1,0,3020,8,32,2
265,4,142,0,5.45,1,1,4.2,1,2,2,0,8.1,8,1,0,3020,6,16,1
266,4,475,2,10.1,1,1,4.2,1,2,3,1,8,8,1,0,7500,18.4,64,4
267,4,142,0,5.45,1,1,4.2,1,2,2,0,8.1,13,1,0,3020,6,16,2
268,4,175,2,5,1,1,4,1,2,2,0,8,8,1,0,2280,4.4,8,1
269,4,150,2,5.7,1,1,4.2,1,2,2,1,8,13,1,0,3000,5.6,32,3
270,4,150,2,5.7,1,1,4.2,1,2,2,0,8,13,1,0,3000,5.6,16,2
271,4,155,2,5.99,1,1,4.2,1,2,2,1,8,13,1,0,3000,11.2,16,2
272,4,145,2,5,1,1,4.1,1,2,2,1,7,13,1,0,3020,5.6,16,2
273,4,165,2,5.5,1,1,4.1,1,2,2,1,7,12,1,0,4000,11.2,32,3
274,4,460,2,9.6,1,1,4,1,2,2,0,7,5,1,0,4800,5.6,32,3
275,4,140,2,5,1,1,4,1,2,2,0,5.1,13,1,0,2200,5.2,16,2
276,4,350,2,8,1,1,4,1,2,2,0,7,5,1,0,4800,5.6,32,3
277,4,165,2,5.5,1,1,4.1,1,2,2,0,7,12,1,0,4000,11.2,16,2
278,4,150,2,5,1,1,4,1,2,2,0,6,13,1,0,3000,5.6,16,2
279,4,150,2,5,1,1,4,1,2,2,0,6,8,1,0,3000,5.6,16,2
280,4,175,2,5,1,1,4,1,2,2,0,6,8,1,0,2200,4.4,8,1
281,4,146,2,5.2,1,1,4.1,1,2,2,1,7,12,1,0,3000,16.8,64,4
282,4,147,2,5.2,1,1,4.1,1,2,2,1,7,12,1,0,3000,16.8,16,3
283,4,138,3,5,1,1,4.1,1,2,2,1,6,13,1,0,3020,11.2,16,2
284,4,145,3,5,1,1,4,1,2,2,1,6,13,1,0,4100,11.2,16,3
285,4,160,2,5.5,1,1,4.1,1,1,3,1,6,16,1,1,3340,16,32,3
286,3,146,2,5,1,1,4.1,1,1,3,1,6,12,1,0,3020,16,32,3
287,4,250,2,7,1,1,4,1,2,2,1,5.1,13,1,0,4360,9.6,32,3
288,4,278,2,7,1,1,4,1,2,2,0,6,2,0,0,4100,6,16,2
289,4,160,2,5.5,1,1,4.1,1,1,3,1,6,16,1,1,3340,16,64,4
290,4,278,2,7,1,1,4,1,2,2,0,4.4,5,1,0,4100,4.8,16,2
291,4,150,0,4.5,1,1,4,1,2,2,0,5.1,5,1,0,2100,4,8,1
292,4,135,2,5,1,1,4,1,2,2,0,5.1,8,1,0,2200,5.2,8,1
293,4,162,3,5.5,1,1,4.2,1,1,3,1,6,12,1,0,3400,20,64,4
294,4,144,2,5.2,1,1,4.2,1,1,3,1,6,12,1,0,3000,20,32,3
295,4,500,2,10.1,1,1,4,1,2,2,1,5.1,13,1,0,6660,16,16,2
296,4,135,2,5,1,1,4,1,2,2,1,5.1,13,1,0,2200,12,16,2
297,4,185,2,6,1,1,4.2,1,2,2,1,6,16,1,1,4000,18.4,32,3
298,4,167,2,5.5,1,1,4,1,2,2,1,5.1,13,1,1,3000,12,32,3
299,4,160,2,5,1,1,4,1,2,2,0,5.1,13,1,0,4000,5.2,16,2
300,4,167,2,5.5,1,1,4,1,2,2,1,5.1,13,1,1,3000,12,16,2
301,4,330,2,8,1,1,4,1,2,2,0,5.1,8,1,0,4800,16,16,2
302,4,141,0,4.5,1,1,4,1,2,2,0,5.1,5,1,0,2000,4.4,8,1
303,4,160,2,5,1,1,4,1,2,2,0,4.4,8,1,0,2000,4.8,4,1
304,4,131,2,5,1,1,4,1,2,2,0,4.4,13,1,0,2200,12,16,2
305,4,131,2,5,1,1,4,1,2,2,0,5,13,1,0,2200,9.6,16,2
306,3,228,2,6.8,1,1,4,1,2,2,0,5,13,1,1,4360,17.6,64,3
307,4,150,2,5,1,1,4,1,2,2,0,4.4,5,1,0,2200,4.8,8,1
308,4,239,2,7,1,1,4,1,2,2,0,5,13,1,0,5000,12,16,2
309,4,178,2,5,1,1,4,1,2,2,0,4.4,5,0,0,2000,4.8,4,1
310,4,173,2,6,1,1,4,1,2,2,0,4.4,8,1,0,3500,4.8,8,1
311,4,185,2,6,1,1,4,1,2,2,1,4.4,13,1,0,4100,14.4,64,3
312,4,433,2,9.6,1,1,4,1,2,2,0,4.4,5,1,0,4800,4.8,8,1
313,3,278,2,7,1,1,4,1,2,2,0,4.4,2,0,0,4100,4.8,8,1
314,3,153,2,4.5,1,1,4,1,2,2,0,4.4,5,1,0,2000,4.8,4,1
315,4,165,2,5.5,1,1,4,1,2,2,0,4.4,13,1,0,3000,4.8,16,2
316,3,185,2,6,1,1,4,1,2,2,1,4.4,13,1,0,4100,14.4,16,2
317,3,145,0,4.5,1,1,4,1,2,2,0,4.3,5,0,0,2000,4.8,8,1
318,4,160,0,5,1,1,4,1,2,2,0,4.3,8,1,0,2000,4.8,4,1
319,3,124,2,5,1,1,4,1,2,2,0,4.4,13,1,0,2500,7.2,16,2
320,4,180,2,5.5,1,1,4,1,2,2,0,4.2,5,1,0,2300,5.2,4,1
321,3,115,2,4.5,1,1,4,1,2,2,0,4.3,8,1,0,2000,4.8,8,1
322,3,115,2,4.5,1,1,4,1,2,2,0,4.3,8,1,0,2000,4.8,4,1
323,4,329,2,8,1,1,4,1,2,2,0,4.2,5,1,0,4800,6.4,8,1
324,4,239,2,7,1,1,4,1,2,2,0,4.2,13,1,0,5000,6.4,16,2
325,4,120,2,4.7,1,1,3,1,2,2,0,4.2,8,1,0,2000,6.4,16,2
326,4,202,2,6.1,1,1,4,1,2,2,0,4.3,13,1,0,4050,6.4,16,2
327,4,243,2,5,1,1,5,1,3.1,3,1,8,13,1,0,3240,17.6,64,4
328,4,200,2,4.5,1,1,4,1,2,2,0,4.4,8,1,0,3100,5.6,16,2
329,4,187,0,4.5,1,1,4,1,2,2,0,4.4,8,1,0,3100,5.6,16,2
330,4,120,1,4,1,1,4.2,1,2,2,0,8.1,2,0,0,2250,5.6,8,1
331,4,136,2,5,1,1,4,1,2,2,0,8.1,5,1,0,2500,6,16,1
332,4,147,2,5.7,1,1,4,1,2,2,1,7.1,13,1,0,3000,5.2,16,2
333,4,147,2,5.7,1,1,4,1,2,2,1,7.1,13,1,0,3000,5.2,32,3
334,4,136,2,5,1,1,4,1,2,2,1,7,8,0,0,2500,5.2,16,3
335,4,149,2,5,1,1,4,1,2,2,0,7,5,1,0,2500,4.4,16,1
336,4,160,2,5,1,1,4,1,2,2,0,7,8,1,0,2350,5.2,16,2
337,4,141,0,4,1,1,2.1,1,2,2,0,7,5,0,0,1500,4.4,8,1
338,4,140,0,4.5,1,1,4,1,2,2,0,6,5,0,0,2000,5.2,8,1
339,4,163,2,5.5,1,1,4,1,2,2,1,6,13,1,0,3020,12,32,4
340,4,159,2,6.1,1,1,5,1,3.1,3,1,8.1,16,1,0,3000,8.4,64,4
341,4,156,2,6.1,1,1,5,1,3.1,3,1,8.1,16,1,0,3000,18.4,32,4
342,4,172,2,6.2,1,1,4.2,1,2,3,1,8.1,16,1,0,3300,12.8,64,4
343,4,171,2,6.2,1,1,4.2,1,2,3,1,8.1,13,1,0,3300,12,64,4
344,3,145,2,5.5,1,1,4.2,1,2,3,1,8.1,13,1,0,3000,12,64,4
345,4,140,2,5,1,1,4.2,1,2,2,1,7.1,8,1,0,2500,5.6,16,2
346,4,168,2,5.3,1,1,4.2,1,2,3,1,7.1,13,1,0,2880,5.6,32,2
347,4,143,2,3.2,1,1,4.1,1,2,2,0,5.1,3,0,0,1700,4.4,4,1
348,4,138,2,4.5,1,1,4,1,2,2,0,5.1,5,0,0,1900,4.8,8,1
349,4,155,2,5,1,1,4,1,2,2,0,5.1,8,1,0,2540,5.2,8,1
350,4,139,2,5.2,1,1,4.1,1,2,2,0,5.1,8,1,0,2300,12,8,1.5
351,4,136,2,5,1,1,4.1,1,2,2,0,5,8,1,0,2540,4.8,8,1
352,4,155,2,5.5,1,1,4.1,1,2,2,0,5.1,16,1,1,3000,8.4,32,3
353,4,155,2,5.5,1,1,4.1,1,2,2,0,5.1,16,1,1,3000,8.4,32,3
354,4,165,2,5.7,1,1,4.1,1,2,2,0,5,8,1,0,3000,4.8,8,1
355,4,163,2,5.7,1,1,4.1,1,2,2,0,5,13,1,1,3000,4.8,8,1
356,4,135,2,5,1,1,4,1,2,2,0,4.4,8,1,0,2610,4.8,16,1.5
357,4,137,2,5,1,1,4.1,1,2,2,0,5,8,1,0,2540,4.8,8,1
358,3,124,2,4.7,1,1,4.1,1,2,2,0,5,8,1,0,2100,4.8,8,1
359,4,140,2,4.5,1,1,4.1,1,2,2,0,5,5,1,0,1900,4.8,8,1
360,4,152,3,5.5,1,1,4.1,1,2,2,0,5,13,1,1,3000,12,16,2
361,3,138,2,4.5,1,1,4,1,2,2,0,4.4,5,1,0,2100,4.8,4,1
362,3,153,2,4.5,1,1,4,1,2,2,0,4.4,8,0,0,1820,4.8,4,1
363,3,149,2,5.5,1,1,4,1,2,2,0,4.4,13,1,1,3000,10,32,3
364,3,182,2,5.9,1,1,4,1,2,2,0,4.4,13,1,1,3000,12,32,2
365,4,163,2,5.5,1,1,4,1,2,2,0,4.4,13,1,0,3000,5.2,8,1
366,4,137,2,5,1,1,4,1,2,2,0,4.4,8,1,0,2540,5.2,8,1
367,3,145,2,4.5,1,1,4,1,2,2,0,4.4,8,1,0,1900,4.8,4,1
368,4,167,2,5.7,1,1,4,1,2,2,0,4.4,8,1,0,3200,4.8,8,1.5
369,3,146,2,5.2,1,1,4,1,2,2,0,4.4,13,1,1,2610,8.8,32,2
370,4,294,2,7,1,1,4,1,2,2,0,4.4,5,0,0,4000,4.8,16,1
371,4,168,0,5.7,1,1,4,1,2,2,0,4.4,8,1,0,3200,4.8,8,1.5
372,4,134,2,5,1,1,4,1,2,2,0,4.4,8,1,0,2540,4.8,8,1
373,3,127,2,4.3,1,1,4,1,2,2,0,4.4,5,1,0,2100,2.4,4,1
374,4,149,2,5.5,1,1,4,1,2,2,0,4.4,13,1,1,3000,10,32,3
375,4,149,2,5.5,1,1,4,1,2,2,0,4.4,13,1,1,3000,10,16,2
376,4,136,2,4.7,1,1,4,1,2,2,0,4.4,8,1,0,3000,4.8,8,1
377,4,535,2,10.1,1,1,4,1,2,2,0,5,5,1,0,8000,4.8,16,1
378,4,138,2,5,1,1,4,1,2,2,0,4.4,8,1,0,2540,2.4,8,1
379,3,123,2,4.7,1,1,4,1,2,2,0,4.4,5,1,0,2440,4.8,8,1
380,3,339,2,8.3,1,1,4,1,2,2,0,4.2,5,1,0,4600,6,16,2
381,3,121,2,4.7,1,1,4,1,2,2,0,4.4,13,1,0,2440,6.8,8,1
382,3,121,2,4.7,1,1,4,1,2,2,0,4.4,8,1,0,2440,4.8,8,1
383,3,121,2,4.7,1,1,4,1,2,2,0,4.4,8,1,0,2440,4.8,8,1
384,3,125,2,4.7,1,1,4,1,2,2,0,4.4,5,1,0,2540,4.8,8,1
385,4,126,2,4.7,1,1,4,1,2,2,0,4.4,5,1,0,2540,4.8,8,1
386,4,124,2,4.5,1,1,4,1,2,2,0,4.4,5,1,0,2100,2.4,4,1
387,4,126,2,4.5,1,1,4,1,2,2,0,4.4,5,1,0,2100,2.4,4,1
388,4,159,2,4,1,1,4,1,2,2,0,4.1,5,1,0,2460,2.4,4,1
389,4,167,2,5.5,1,1,4,1,2,2,0,4.3,13,1,0,3140,6.8,32,2
390,4,177,3,6,1,1,4,1,3,2,0,4.2,13,1,0,3500,8.8,32,2
391,4,150,2,5.45,1,1,4.1,1,2,2,0,8,13,1,0,3000,5.2,32,3
392,3,150,2,5.45,1,1,4.1,1,2,2,0,8,13,1,0,3000,5.2,16,2
393,3,144,2,5,1,1,4,1,2,2,0,5,8,1,0,2800,5.2,8,1
394,3,97,3,4.8,1,1,4,1,2,2,0,5,8,1,0,2000,4.8,16,2
395,3,136,2,4.5,1,1,4,1,2,2,0,5.1,5,1,0,1700,5.2,8,1
396,3,143,2,5,1,1,4,1,2,2,0,4.4,13,1,0,2400,11.2,16,2
397,3,134,2,4.7,1,1,2.1,1,2,2,0,5,8,1,0,2000,5.2,8,1
398,3,170,2,5,1,1,4,1,2,2,0,5,8,1,0,3000,5.2,8,2
399,3,138,2,4.5,1,1,4,1,2,2,0,5,8,1,0,2000,5.2,8,1
400,3,310,2,8,1,1,4,1,2,2,0,4.4,5,0,0,4400,2.4,8,1
401,3,306,1,7,1,1,2.1,1,2,2,0,4.4,5,0,0,3200,2.6,8,1
402,3,138,2,4.7,1,1,4,1,2,2,0,4.4,13,1,0,2300,13.6,16,2
403,3,163,0,4.5,1,1,4,1,2,2,0,4.4,5,1,0,1900,5.2,4,1
404,3,143,2,4.5,1,1,4,1,2,2,0,4.4,5,1,0,1950,5.2,8,1
405,3,123,2,4.7,1,1,4,1,2,2,0,4.4,8,1,0,2000,11.2,8,1
406,3,136,2,4.5,1,1,4,1,2,2,0,4.4,5,1,0,1700,5.2,4,1
407,3,129,2,4,1,1,4,1,2,2,0,4.3,5,0,0,1500,4.8,8,1
408,3,146,2,5.5,1,1,4,1,2,2,0,4.4,8,1,0,2350,5.2,8,1
409,3,138,2,5,1,1,3,1,2,2,0,4.4,8,1,0,2000,9,8,1
410,3,159,2,5,1,1,4,1,2,2,0,4.3,8,1,0,2000,4.8,4,1
411,3,168,2,5,1,1,4,1,2,2,0,4.2,8,1,0,2000,5.2,4,1
412,4,202,0,6,1,1,3,1,2,2,0,4.2,5,1,0,2500,2.6,8,1
413,4,154,2,5,1,1,4,1,2,2,0,4.4,16,1,0,2350,13.6,32,2
414,4,122,3,5,1,1,4.1,1,2,2,0,10,8,1,0,2000,5.2,16,1
415,3,165,3,5.7,1,1,4.1,1,3.1,3,0,10,20,1,1,3340,12,32,3
416,3,165,3,5.7,1,1,4.1,1,3.1,3,0,10,20,1,1,3340,12,32,3
417,4,150,3,5.2,1,1,4.1,1,3.1,3,0,10,20,1,1,3000,8.4,32,3
418,4,150,3,5.2,1,1,4.1,1,3.1,3,0,10,20,1,1,3000,8.4,32,3
419,3,141,2,4.7,1,1,4.1,1,2,2,0,10,5,1,0,2100,4.4,8,1
420,3,152,2,5,1,1,4,1,2,2,0,8.1,8,1,0,2200,4.8,8,1
421,4,127,2,4,1,1,4,0,2,2,0,8.1,2,0,0,1500,2.4,8,1
422,4,171,2,5.7,1,1,4,1,2,2,0,8.1,13,1,0,3000,4.8,8,1
423,3,171,2,5.7,1,1,4,1,2,2,0,8.1,13,1,0,3000,4.8,8,1
424,3,171,2,5.7,1,1,4,1,2,2,0,8.1,13,1,0,3000,4.8,8,1
425,3,171,2,5.7,1,1,4,1,2,2,0,8.1,13,1,0,3000,4.8,8,1
426,3,145,2,5,1,1,4,1,2,2,0,8.1,8,1,0,2500,4.8,8,1
427,3,145,2,5,1,1,4,1,2,2,0,8.1,8,1,0,2500,4.8,8,1
428,3,145,2,5,1,1,4,1,2,2,0,8.1,8,1,0,2500,4.8,8,1
429,3,136,2,4,1,1,4,0,2,2,0,8.1,5,0,0,1560,4.8,8,1
430,4,136,2,4,1,1,4,0,2,2,0,8.1,5,0,0,1560,4.8,8,1
431,4,134,2,4,1,1,4,0,2,2,0,8.1,2,0,0,1560,2.4,8,1
432,4,134,2,4,1,1,4,0,2,2,0,8.1,2,0,0,1560,2.4,8,1
433,4,146,2,5,1,1,4,1,2,2,0,8.1,5,1,0,1905,4.8,8,1
434,4,146,2,5,1,1,4,1,2,2,0,8.1,5,1,0,1905,4.8,8,1
435,4,193,2,6.2,1,1,4.2,1,2,3,1,9,12,1,0,5000,14.4,64,4
436,4,149,2,5.7,1,1,4.2,1,2,3,1,9,13,1,0,3000,14.4,32,2
437,4,150,2,5.2,1,1,4.2,1,2,2,0,8,8,1,0,2800,5.6,16,2
438,4,150,2,5.2,1,1,4.2,1,2,2,1,8,8,1,0,2800,5.6,16,2
439,4,174,2,5.7,1,1,4.2,1,2,2,1,8,13,1,0,4000,5.6,16,2
440,4,168,2,5.5,1,1,4.2,1,2,2,1,7.1,13,1,0,3000,16,64,4
441,4,157,2,5.2,1,1,4.2,1,2,2,1,7.1,16,1,0,3000,11.2,32,3
442,4,151,2,5,1,1,4.2,1,2,2,1,7.1,8,1,0,2800,5.2,16,2
443,4,150,2,5,1,1,4.1,1,2,2,1,7.1,8,1,0,2800,5.6,16,2
444,4,145,3,5.5,1,1,4.2,1,3.1,3,1,7.1,12,1,0,3000,17.6,64,4
445,4,154,1,5,1,1,4.2,1,2,2,0,7,5,0,0,2350,4.4,8,1
446,4,163,2,5.5,1,1,4.1,1,1,3,1,6,16,1,0,3050,15.2,64,4
447,4,153,2,5,1,1,4,1,2,2,0,6,8,1,0,3500,4,16,2
448,4,165,3,5.5,1,1,4,1,1,3,1,6,16,1,0,3510,16,32,3
449,4,140,2,5,1,1,4,1,2,2,0,6,8,1,0,2800,4,8,1
450,4,155,2,5.5,1,1,4.1,1,2,2,1,6,16,1,0,3000,12,64,4
451,4,155,2,5,1,1,4,1,2,2,0,5.1,13,1,0,2470,12,16,2
452,4,169,2,5.5,1,1,4,1,2,2,0,5.1,21,1,0,3630,13.6,16,2
453,4,155,2,5,1,1,4,1,2,2,0,5.1,13,1,0,2470,5.6,8,1
454,4,155,2,5,1,1,4,1,2,2,0,5.1,13,1,0,2470,5.6,8,1
455,4,145,2,4.5,1,1,4,1,2,2,0,5,5,1,0,2390,4.8,8,1
456,4,145,2,4.5,1,1,4,1,2,2,0,5,5,1,0,2390,4.8,8,1
457,4,155,2,5,1,1,4,1,2,2,0,5,8,1,0,2390,4.8,8,1
458,3,176,3,5.2,1,1,4,1,2,2,0,4.4,21,1,0,3900,10.8,64,3
459,3,149,2,5,1,1,4,1,2,2,0,4.4,8,1,0,2070,4.8,8,1
460,3,143,2,4.5,1,1,4,1,2,2,0,4.4,5,1,0,2070,4.8,8,1
461,4,125,3,4.3,1,1,4,1,2,2,0,4.4,8,1,0,2000,3,8,1
462,3,142,2,4.3,1,1,4,1,2,2,0,4.4,5,0,0,1980,2.4,4,1
463,4,142,2,4.3,1,1,4,1,2,2,0,4.4,5,0,0,1980,2.4,4,1
464,3,130,3,4.7,1,1,4,1,2,2,0,8.1,6,1,0,2200,4.8,8,1
465,4,134,3,4.7,1,1,4,1,2,2,0,8.1,6,1,0,2200,4.8,8,1
466,4,150,2,5,1,1,4,1,2,2,0,8.1,10,1,1,2200,4.8,16,1
467,3,150,2,4.3,1,1,4,1,2,2,0,4.3,5,1,0,1800,2.4,4,1
468,3,167,3,5,1,1,4,1,2,2,0,8.1,20,1,1,2420,8.8,32,2
469,4,124,2,4,1,1,4,1,2,2,0,8,5,1,0,1430,2,8,1
470,4,220,2,6,1,1,4,1,2,2,0,8,5,1,0,3400,3.4,8,1
471,3,158,3,4.5,1,1,4,1,2,2,0,8,41,1,1,2000,3,32,2
472,3,162,3,4.5,1,1,4,1,2,2,0,8,8,1,1,2000,3,32,1
473,3,141,3,4.3,1,1,4,1,2,2,0,8,8,1,0,1800,3,16,1
474,3,145,3,4.3,1,1,4,1,2,2,0,8,8,1,0,1800,3,8,1
475,3,185,2,4.5,1,1,4,1,2,2,0,8,8,1,1,2000,3,32,1
476,3,160,3,4.3,1,1,4,1,2,2,0,8,8,1,0,1650,3,8,1
477,3,450,2,8,1,1,4,1,2,2,0,4.2,5,0,0,4600,4.8,16,1
478,3,191,2,6,1,1,4,1,2,2,0,4.2,13,1,0,2600,6,4,1
479,4,146,2,5,1,1,4,1,2,2,0,4.2,13,1,0,2300,6,16,1
480,4,182,2,5.5,1,1,4,1,2,2,1,7,13,1,0,4010,16,64,4
481,4,175,2,5.5,1,1,4,1,2,2,0,6,13,1,0,3150,5.6,32,3
482,3,180,3,5.5,1,1,4,1,2,2,1,6,13,1,0,5000,16,64,4
483,3,184,2,5,1,1,4,1,2,2,0,6,13,1,0,4000,5.2,16,3
484,3,162,2,5.3,1,1,4,1,2,2,0,6,13,1,0,4000,12,32,3
485,3,210,3,6,1,1,4,1,2,2,1,5.1,24,1,1,3500,16,64,3
486,3,97,3,4.8,1,1,4,1,2,2,0,5,8,1,0,2000,4.8,16,2
487,4,138,2,4.5,1,1,4,1,2,2,0,5.1,5,1,0,1700,5.2,8,1
488,3,152,2,5,1,1,4,0,2,2,0,5,5,1,0,2000,5.2,8,1
489,3,151,2,4.7,1,1,4,1,2,2,0,5,8,1,0,2120,5.2,8,1
490,4,150,1,5,1,1,4,1,2,2,0,4.4,5,1,0,1950,5.2,8,1
491,3,180,2,5,1,1,4,1,2,2,0,4.4,8,1,0,5000,5.2,8,1
492,3,120,2,5,1,1,4,1,2,2,0,4.4,13,1,0,2400,4.8,16,2
493,3,158,2,5,1,1,4,1,2,2,0,4.2,13,1,0,2000,4.8,16,1
494,3,97,3,4.8,1,1,4,1,2,2,0,4.4,8,1,0,2050,13.6,16,1
495,4,119,2,4.7,1,1,4,1,2,2,0,4.4,8,1,0,2000,6.8,4,1
496,4,133,3,5,1,1,4,1,2,2,0,4.2,13,1,0,2300,13.6,16,2
497,4,167,2,5,1,1,4,1,2,2,0,4.2,8,1,0,2000,5.2,4,1
498,4,88,1,4.5,1,1,4,0,2,2,0,4.2,5,1,0,1800,5.2,8,1
499,4,220,2,5.7,1,1,4,1,2,2,0,4.2,12,1,0,2600,4.8,16,1
500,4,175,2,6.22,1,1,4.2,1,2,2,1,9,13,1,0,4230,16,64,4
501,4,155,2,6,1,1,4.2,1,2,2,0,8.1,13,1,0,3410,16,128,6
502,4,168,2,6.2,1,1,5,1,2,2,0,9,13,1,0,3400,12.8,32,2
503,4,400,3,10.5,1,0,5,1,3.1,3,1,9,13,1,0,7040,16,128,6
504,4,460,2,10.1,1,1,5,1,2,3,0,9,8,1,0,6150,14.4,32,2
505,4,358,2,8,1,1,4.2,1,2,2,0,8.1,5,1,0,5000,5.6,32,2
506,4,529,2,10.5,1,1,4.2,1,2,3,0,8.1,8,1,0,7300,14.4,32,3
507,4,177,2,6,1,1,4.2,1,2,2,0,8.1,8,1,0,3300,5.6,16,1
508,4,154,1,5,1,1,4.2,1,2,2,0,8.1,8,1,0,2600,5.6,8,1
509,4,154,3,5.6,1,1,4.2,1,2,2,1,8,13,1,0,3000,12.8,64,4
510,4,152,2,5,1,1,4.2,1,2,2,0,8,8,1,0,2600,5.6,16,2
511,4,150,3,5.8,1,1,5,1,2,3,0,8,16,1,0,3000,17.6,64,4
512,4,154,3,5.6,1,1,4.2,1,2,2,1,8,13,1,0,3000,12.8,64,4
513,4,175,3,5.5,1,1,4.2,1,2,2,0,8,13,1,0,3000,5.6,16,2
514,4,159,3,5.6,1,1,4.2,1,2,2,1,8,16,1,0,3000,12.8,64,4
515,4,170,1,5.5,1,1,4.1,1,2,2,1,7,13,1,0,3300,12.8,32,3
516,4,153,3,5,1,1,4.2,1,2,2,0,7.1,8,1,0,2600,5.6,16,1.5
517,4,191,3,6,1,1,5,1,2,3,1,7.1,16,1,0,3500,17.6,64,6
518,4,130,3,4.7,1,1,4.1,1,2,2,0,7,5,1,0,2000,5.2,8,1
519,4,415,0,8,1,1,4.2,1,2,3,1,7.1,8,1,0,4450,12.8,16,3
520,4,364,2,8,1,1,4.2,1,2,2,0,7.1,8,1,0,5000,5.6,16,2
521,4,208,3,5.8,1,1,5.1,1,1,3,0,7,12,1,1,4000,18.4,64,4
522,4,167,2,5.5,1,1,4.2,1,2,2,0,7,8,1,0,3300,17.6,16,2
523,4,167,3,5.7,1,1,4.2,1,3.1,3,0,7.1,12,1,1,3200,18.4,64,4
524,4,179,0,5.7,1,1,4.2,1,2,2,1,7,13,1,0,3300,18.4,32,4
525,4,181,3,5.5,1,1,4.1,1,2,2,1,7,13,1,0,3600,12.8,16,3
526,4,160,3,5.2,1,1,4.1,1,2,2,1,7,13,1,0,3000,12.8,16,2
527,4,142,0,5,1,1,4.2,1,2,2,0,7,13,1,0,2400,5.6,16,2
528,4,165,1,3.8,1,1,4.2,1,2,2,0,6,8,1,0,1950,5.6,16,2
529,4,143,0,4.5,1,1,4,1,2,2,0,3,5,0,0,2050,6,8,1
530,4,155,3,5.8,1,1,5,1,3.1,3,0,7,12,1,1,3000,18.4,64,4
531,4,173,3,6.2,1,1,5,1,3.1,3,0,7,12,1,1,3500,18.4,128,6
532,4,145,3,5.2,1,1,4.2,1,2,3,1,7,16,1,0,2600,17.6,64,4
533,4,172,2,5,1,1,4.2,1,2,2,0,7,13,1,0,2800,5.6,16,2
534,4,429,3,9.7,1,1,4.2,1,3.1,3,1,7,13,1,0,6000,8.4,32,4
535,4,126,1,4,1,1,4,1,2,2,0,5.1,5,0,0,1500,6,8,1
536,4,147,1,5,1,1,4.2,1,2,2,0,6,5,1,0,2600,11.2,16,1.5
537,4,172,3,5.7,1,1,4.2,1,2,3,1,6,16,1,0,3300,17.6,64,4
538,4,186,3,5.7,1,1,4.2,1,2,3,1,6,16,1,0,3600,15.2,32,3
539,4,138,3,4.7,1,1,4.2,1,2,3,1,6,13,1,0,2350,12.8,16,2
540,4,160,1,5,1,1,4.2,1,2,2,0,6,8,1,0,2600,5.6,8,1.5
541,4,160,1,5,1,1,4.2,1,2,2,0,6,8,1,0,2600,5.6,8,1.5
542,4,189,3,6,1,1,4.2,1,1,3,1,6,16,1,0,4000,15.2,64,6
543,4,182,3,5.7,1,1,4.1,1,2,2,1,6,16,1,0,3300,16.8,32,3
544,4,169,3,5.5,1,1,4.1,1,2,2,0,6,13,1,0,3300,12.8,16,3
545,4,167,0,5.5,1,1,4.2,1,2,2,1,6,13,1,0,3300,16,32,3
546,4,127,1,4,1,1,4,1,2,2,0,2.4,5,0,0,1500,6,8,1
547,4,172,1,5.5,1,1,4.1,1,2,2,0,6,13,1,0,3000,4.8,16,2
548,4,149,1,5,1,1,4.1,1,2,2,0,6,8,1,0,2600,5.2,16,2
549,4,289,1,7,1,1,4,1,2,2,0,5.1,8,1,0,4000,6,8,1.5
550,4,138,3,5,1,1,4.1,1,2,2,0,6,8,1,0,2600,6,16,2
551,4,138,3,5,1,1,4.1,1,2,2,0,6,8,1,0,2600,6,8,1.5
552,4,154,1,4.5,1,1,4.1,1,2,2,0,6,5,1,0,2200,5.2,8,1.5
553,4,184,3,5.1,1,1,4.2,1,2,2,1,6,12,1,1,4000,8.4,32,4
554,4,139,3,5,1,1,4.1,1,2,2,0,5.1,8,1,0,2600,4.8,16,2
555,4,210,3,6,1,1,4.2,1,2,2,1,6,16,1,1,5000,14.4,32,4
556,4,170,3,5.5,1,1,4.1,1,2,2,0,6,13,1,0,3300,12.8,16,2
557,4,159,3,5.2,1,1,4.1,1,2,2,0,6,13,1,0,3100,4.8,16,2
558,3,283,2,7,1,1,4,1,2,2,0,5.1,5,1,0,4000,5.2,8,1.5
559,4,157,3,5.5,1,1,4.2,1,2,2,1,6,12,1,1,3600,8.4,32,4
560,4,152,3,5.1,1,1,4.2,1,2,2,1,6,12,1,1,3000,8.4,32,4
561,4,123,1,4,1,1,4,1,2,2,0,5.1,5,0,0,1500,4.8,8,1
562,4,360,1,8,1,1,4.1,1,2,2,0,5.1,5,1,0,5000,5.2,16,1.5
563,4,131,3,4.5,1,1,4.1,1,2,2,0,5.1,5,1,0,2050,5.2,8,1
564,4,200,3,6,1,1,4.1,1,2,2,1,5.1,13,1,1,4000,14.4,32,3
565,4,172,3,5.5,1,1,4.1,1,2,2,1,5.1,13,1,1,3300,12.8,16,3
566,4,155,3,5.2,1,1,4.1,1,2,2,1,5.1,13,1,1,2900,12.8,16,2
567,4,132,3,4.7,1,1,4.1,1,2,2,0,5.1,13,1,0,2300,6,16,1.5
568,3,138,3,5,1,1,4.1,1,2,2,0,6,5,1,0,2600,5.2,16,1.5
569,4,172,1,5.5,1,1,4.1,1,2,2,0,5.1,13,1,0,3000,4.8,8,1.5
570,4,149,1,5,1,1,4.1,1,2,2,0,5.1,8,1,0,2600,5.2,8,1.5
571,4,137,3,5,1,1,4,1,2,2,0,2.3,8,1,0,2600,5.2,8,1
572,4,145,3,5.1,1,1,4.1,1,2,2,0,5.1,16,1,0,2800,12.8,16,2
573,4,107,3,4.3,1,1,4,1,2,2,0,4.4,8,1,0,1900,4.8,8,1.5
574,3,155,1,3.8,1,1,4.1,1,2,2,0,5.1,8,1,0,1800,4.8,8,1.5
575,4,151,3,5.7,1,1,4.1,1,2,2,1,5.1,16,1,0,3050,14.4,32,2
576,3,151,3,5.7,1,1,4.1,1,2,2,1,5.1,16,1,0,3050,14.4,32,2
577,3,171,3,5.5,1,1,4.1,1,2,2,0,5.1,13,1,0,3000,11.2,16,1.5
578,4,170,3,5.5,1,1,4.1,1,2,2,0,7,13,1,0,3000,12.8,16,2
579,4,322,1,7,1,1,4,1,2,2,0,4.4,2,0,0,3600,5.2,8,1
580,4,490,1,9.7,1,1,4.1,1,2,2,0,5,5,1,0,6000,4.8,16,2
581,4,450,1,9.7,1,1,4.1,1,2,2,0,5,5,1,0,6000,4.8,16,1.5
582,4,338,1,8,1,1,4.1,1,2,2,0,5,5,1,0,4200,4.8,16,2
583,4,313,1,8,1,1,4,1,2,2,0,5,5,1,0,4200,4.8,16,1.5
584,4,154,1,4.5,1,1,4,1,2,2,0,4.4,5,1,0,2200,4.8,8,1.5
585,4,129,3,4.7,1,1,4.1,1,2,2,0,5.1,5,1,0,2000,5.2,8,1
586,4,141,3,5.5,1,1,4,1,2,2,0,4.4,13,1,0,2600,12,16,2
587,4,141,3,5.5,1,1,4,1,2,2,0,4.4,13,1,0,2600,12,16,2
588,4,161,2,5.25,1,1,4,1,2,2,0,4.4,13,1,0,2500,4.8,16,1.5
589,4,141,3,5.5,1,1,4,1,2,2,0,4.4,13,1,0,2950,4.8,16,2
590,4,130,0,4.5,1,1,4,1,2,2,0,4.4,5,1,0,2000,4.8,8,1
591,3,123,3,5,1,1,4,1,2,2,0,4.4,13,1,0,2300,4.8,16,2
592,3,123,3,5,1,1,4,1,2,2,0,4.4,13,1,0,2300,4.8,16,2
593,3,110,3,4.5,1,1,4,1,2,2,0,4.4,8,1,0,1900,4.8,16,1
594,4,152,1,5,1,1,4,1,2,2,0,4.4,8,1,0,2600,4.8,8,1
595,4,156,1,5,1,1,4,1,2,2,0,4.4,8,1,0,2600,4.8,8,1
596,4,126,3,4.3,1,1,4,1,2,2,0,4.4,5,1,0,1900,4.8,8,1
597,4,175,3,5.7,1,1,4.1,1,2,2,1,4.4,16,1,1,3000,10.8,16,3
598,4,176,3,5.7,1,1,4.1,1,2,2,1,4.4,16,1,1,3220,10.8,32,3
599,4,176,3,5.7,1,1,4.1,1,2,2,1,4.4,16,1,1,3220,10.8,32,3
600,3,393,0,8,1,1,4,1,2,2,0,4.4,3,1,0,4450,4.8,16,1.5
601,4,194,0,6,1,1,4,1,2,2,0,4.4,8,1,0,2800,6,16,1.5
602,3,115,3,4.7,1,1,4,1,2,2,1,4.4,12,1,0,1860,10,32,2
603,4,115,3,4.7,1,1,4,1,2,2,1,4.4,12,1,0,1860,14.4,32,2
604,4,118,3,4.5,1,1,4,1,2,2,1,4.4,8,1,0,2100,5.6,16,1.5
605,3,136,1,4.5,1,1,4,1,2,2,0,4.4,5,1,0,2100,4.8,16,1.5
606,4,120,3,4.5,1,1,4,1,2,2,1,4.4,8,1,0,2100,5.6,16,1.5
607,4,130,1,4,1,1,4,1,2,2,0,4.4,5,1,0,1800,2.4,4,1
608,3,158,3,5.1,1,1,4,1,2,2,0,4.4,16,1,0,2800,10,16,2
609,3,149,1,4.7,1,1,4,1,2,2,0,4.3,5,1,0,2000,4.8,8,1
610,3,132,3,4.8,1,1,4,1,2,2,0,4.4,8,1,0,2100,5.6,16,1.5
611,4,245,1,7,1,1,4,1,2,2,0,4.3,8,1,0,3200,4.8,16,1.5
612,4,200,3,4.8,1,1,4,1,2,2,0,4.4,20,1,1,2430,7.8,8,2
613,3,132,3,4.8,1,1,4,1,2,2,0,4.3,8,1,0,2100,4.8,16,1.5
614,3,135,3,5,1,1,3,1,2,2,0,8,13,1,0,2600,9.2,16,2
615,3,320,1,8,1,1,4,1,2,2,0,4.4,3,0,0,4450,4.8,16,1.5
616,4,320,1,8,1,1,4,1,2,2,0,4.4,3,0,0,4450,4.8,16,1.5
617,3,487,1,10.1,1,1,4,1,2,2,0,4.4,3,0,0,6800,4.8,16,1.5
618,4,487,1,10.1,1,1,4,1,2,2,0,4.4,3,0,0,6800,4.8,16,1.5
619,4,139,1,4.52,1,1,4,1,2,2,0,4.2,5,1,0,2100,4.8,8,1
620,3,145,3,5.1,1,1,4,1,3,2,1,4.4,16,1,0,2800,10,16,2
621,4,144,3,5.1,1,1,4,1,3,2,1,4.4,16,1,0,2800,10,16,2
622,3,137,1,4.5,1,1,4,1,2,2,0,4.4,5,1,0,2100,4.8,16,1.5
623,3,137,0,4.5,1,1,4,1,2,2,0,4.2,5,1,0,2100,2.4,8,1
624,3,322,1,7,1,1,4,1,2,1,0,4.2,2,0,0,3600,2.4,8,1
625,3,145,1,4.7,1,1,4,1,2,2,0,4.2,5,1,0,2000,2.4,8,1
626,4,146,3,5,1,1,4,1,2,2,0,4.3,13,1,0,2600,9.2,16,3
627,3,163,1,5.25,1,1,4,1,2,2,0,4.3,8,1,0,2600,4.8,8,1.5
628,3,179,3,3.7,1,1,4,1,2,2,0,4.2,8,1,0,1820,3.4,16,1.5
629,3,134,1,4.5,1,1,4,1,2,2,0,4.2,5,1,0,2100,3.4,8,1.5
630,4,154,3,5.7,1,1,4,1,2,2,0,4.3,13,1,0,2800,9.2,32,3
631,3,208,3,4.3,1,1,4,1,2,2,0,4.2,16,1,1,2330,3,8,1.5
632,4,119,0,3.8,1,1,2.1,1,2,2,0,4.1,5,1,0,1500,2,4,1
633,4,182,1,5.8,1,1,4,1,2,2,0,4.2,8,1,0,2600,2.8,8,1.5
634,4,139,3,4.5,1,1,4,1,2,2,0,4.1,5,1,0,2000,2.4,8,1
635,4,148,1,4,1,1,4,1,2,2,0,4.1,5,1,0,1700,2,4,1
636,4,121,3,4.3,1,1,3,1,2,2,0,4.1,8,1,0,1650,2.4,8,1
637,4,131,3,4.8,1,1,4,1,2,2,0,4.1,8,1,0,2100,5.6,16,2
638,4,146,3,6.2,1,0,5,1,2,3,1,9,22,1,1,3130,20.8,128,6
639,4,140,2,5.5,1,1,4.2,1,2,3,1,7.1,16,1,0,3020,17.6,64,6
640,4,185,2,5.7,1,1,4,1,2,2,1,7,16,1,1,3100,14.4,64,4
641,4,160,2,5.5,1,1,4.1,1,1,3,1,6,16,1,0,3000,23,32,4
642,4,151,2,5.5,1,1,4.1,1,2,2,0,6,13,1,0,2600,10.4,64,3
643,3,168,0,5.7,1,1,4.1,1,2,2,0,5,13,1,0,3000,12,32,3
644,3,154,0,5.2,1,1,4,1,2,2,0,5,8,1,0,2030,4.8,16,2
645,3,141,1,5,1,1,4,1,2,2,0,4.4,8,1,0,2040,4.8,8,1.5
646,3,153,2,5,1,1,4,1,2,2,0,5.1,13,1,0,2200,4,16,1
647,4,207,2,6,1,1,4,1,2,2,0,5.1,13,1,0,2500,4,16,1
648,3,170,2,5.5,1,1,4,1,2,2,0,4.4,8,1,0,2600,5.2,8,1
649,3,161,2,5,1,1,4,1,2,2,0,4.4,8,1,0,1850,5.2,8,1
650,3,172,2,5.5,1,1,4,1,2,2,0,4.4,8,1,0,2600,5.2,8,1
651,2,130,2,4.5,1,1,4,1,2,2,0,4.4,8,0,0,1700,4.8,8,1
652,3,112,2,5,1,1,4,1,2,2,0,4.4,8,0,0,1900,5.2,8,1
653,4,135,1,5,1,1,4,1,2,2,0,4.4,8,0,0,2100,5.2,8,1
654,4,140,2,5,1,1,4,1,2,2,0,4.4,8,1,0,2000,4.8,4,1
655,4,150,2,6.22,1,1,4.2,1,2,2,1,8.1,13,1,0,3260,16,64,4
656,4,137,2,5,1,1,4.2,1,2,2,0,6,8,1,0,2500,5.6,16,2
657,4,139,2,5.7,1,1,4.2,1,2,2,1,7.1,16,1,0,3000,14.4,32,4
658,4,160,2,5.99,1,1,4.2,1,2,2,1,7.1,16,1,0,3225,14.4,64,4
659,4,157,2,5.5,1,1,4.2,1,2,2,0,7.1,13,1,0,3000,5.6,16,3
660,4,162,2,5.5,1,1,4.2,1,2,2,1,7,13,1,0,3000,12,32,3
661,4,137,2,5,1,1,4.2,1,2,2,0,6,8,1,0,2500,5.6,16,2
662,4,183,3,5.85,1,1,4.2,1,2,2,1,7.1,16,1,0,4015,15.2,64,4
663,4,154,3,5.5,1,1,4.2,1,2,2,1,7.1,16,1,0,3320,14.4,64,4
664,4,154,2,5.5,1,1,4,1,2,2,1,6,13,1,0,3000,12,64,4
665,4,142,2,5.2,1,1,4.2,1,2,2,0,6,8,1,0,2650,11.2,16,2
666,4,158,2,5.5,1,1,4,1,2,2,1,6,16,1,0,3160,16,64,4
667,4,154,2,5.5,1,1,4,1,2,2,1,6,13,1,0,3000,12,32,4
668,4,199,2,5.88,1,1,4.2,1,2,2,1,6.1,16,1,0,4000,15.2,64,6
669,4,154,2,5.5,1,1,4,1,2,2,1,6,13,1,0,3000,12,32,4
670,4,183,3,5.7,1,1,4,1,2,2,1,5.1,16,1,0,4000,14.4,64,4
671,4,151,3,5.2,1,1,4,1,2,2,1,5.1,13,1,0,3000,14.4,64,4
672,4,168,2,5.5,1,1,4.1,1,2,2,1,5.1,13,1,0,3000,14.4,32,4
673,3,172,3,5.7,1,1,4.2,1,2,2,1,5.1,16,1,0,3000,14.4,64,4
674,4,140,3,5.2,1,1,4,1,2,2,1,5.1,13,1,0,2400,14.4,64,4
675,4,167,3,5.43,1,1,4.2,1,2,2,1,6,16,1,0,3600,8.4,128,6
676,4,167,3,5.43,1,1,4,1,2,2,1,5.1,16,1,0,3600,14.4,128,4
677,4,157,2,5,1,1,4,1,2,2,0,5,8,1,0,2350,4.8,16,2
678,3,137,2,4.7,1,1,4,1,2,2,0,5.1,8,0,0,2100,5.2,8,1
679,3,153,2,5,1,1,4,1,2,2,0,5,13,1,0,2300,4.8,16,2
680,3,194,3,5.5,1,1,4,1,2,2,0,4.4,13,1,0,4150,13.6,32,3
681,4,151,3,5.2,1,1,4,1,2,2,0,5,13,1,0,2450,12,16,2
682,4,156,3,5.5,1,1,4,1,2,2,0,4.4,13,1,0,2300,13.6,16,2
683,4,150,2,5,1,1,4,1,2,2,0,4.2,13,1,0,2000,13.6,16,1
684,3,156,2,4.7,1,1,4,1,2,2,0,4.2,8,1,0,2100,5.2,8,1
685,3,164,2,6,1,1,4.2,1,2,2,1,8,16,1,0,3000,14.4,64,4
686,4,153,2,6,1,1,4.2,1,2,2,1,8,13,1,0,3000,11.2,32,3
687,3,162,2,5.7,1,1,4.2,1,2,2,1,7.1,16,1,0,3000,11.2,64,4
688,4,141,2,4.5,1,1,4,1,2,2,0,4.4,5,1,0,2000,5.2,4,1
689,4,175,2,5,1,1,4,1,2,2,0,4.4,8,1,0,2500,5.2,8,1
690,4,143,2,5,1,1,4,1,2,2,0,4.4,16,1,0,2350,8,16,2
691,4,124,2,4.7,1,1,4,1,2,2,0,4.4,8,1,0,2000,11.2,8,1
692,4,119,2,4.7,1,1,4,1,2,2,0,4.3,8,1,0,2000,6.8,4,1
693,4,180,2,6.26,1,1,4.2,1,2,2,1,9,12,1,0,4000,14.4,64,4
694,4,137,2,5,1,1,4.1,1,2,2,0,8.1,8,1,0,3000,5.6,8,1
695,4,342,2,8,1,1,5,1,1,3,0,8.1,13,0,0,6000,17.6,64,4
696,4,485,2,10.1,1,1,5,1,1,3,0,8.1,13,0,0,8620,17.6,128,4
697,4,180,2,5.99,1,1,4.2,1,2,2,1,7.1,12,1,0,4000,16,64,4
698,4,137,2,5,1,1,4.1,1,2,2,0,7.1,13,1,0,3000,5.6,32,3
699,4,153,2,5.5,1,1,4.2,1,2,2,1,7.1,13,1,0,3080,11.2,64,4
700,4,185,2,5.99,1,0,5,1,1,3,1,7.1,12,1,1,3400,19.2,128,8
701,4,150,2,5,1,1,4.2,1,2,2,1,6,13,1,0,4100,11.2,64,4
702,4,135,2,5.15,1,1,4.1,1,1,3,1,7.1,12,1,0,2860,17.6,64,3
703,4,165,2,5.5,1,1,4.2,1,2,2,1,6,13,1,0,4100,16,64,4
704,4,165,2,5.5,1,1,4.1,1,2,2,1,6,13,1,0,4100,16,64,4
705,4,156,2,5,1,1,4.1,1,2,2,1,6,13,1,0,4100,11.2,16,2
706,4,156,2,5,1,1,4.2,1,2,2,1,6,13,1,0,4100,16,32,3
707,4,209,2,6.4,1,1,4.2,1,1,3,1,6,16,1,0,4400,9.2,256,6
708,4,145,2,5.15,1,1,4.2,1,1,3,1,6,12,1,0,3200,8.4,128,4
709,4,175,2,5.5,1,1,4.2,1,2,2,1,6,13,1,0,4100,21,16,2
710,4,144,2,5,1,1,4.1,1,2,2,1,6,13,1,0,4100,11.2,32,2
711,4,144,2,5,1,1,4.1,1,2,2,1,6,13,1,0,4100,11.2,32,3
712,4,144,2,5,1,1,4.1,1,2,2,0,6,13,1,0,4100,11.2,16,2
713,4,144,2,5,1,1,4.1,1,2,2,1,5.1,13,1,0,4100,12,32,3
714,2,129,2,5.15,1,1,4.2,1,1,3,1,6,16,1,1,3000,7.2,128,4
715,2,203,2,6.44,1,1,4.2,1,2,2,1,6,16,1,0,4850,8.4,16,2
716,2,133,2,5,1,1,4.1,1,1,3,1,5.1,13,1,0,3260,8.4,64,3
717,2,164,2,5.5,1,1,4.1,1,2,2,1,5.1,16,1,0,4050,8.4,16,2
718,2,144,2,5,1,1,4.1,1,2,2,0,5.1,13,1,0,4100,12,16,2