phone_id,n_body_weight,n_display_size,n_battery_capacity,n_total_cpu_speed,n_ram,n_main_camera_resolution,n_internal_memory,cluster
1,146,5.71,3020,8,3,13,64,2
2,480,10.4,7250,20,6,13,64,3
3,144,5.45,3020,16,2,8,32,2
4,150,6.09,3020,18.4,3,13,64,3
5,146,5.71,3020,16,2,13,32,2
6,146,5.71,3020,8,2,13,32,1
7,150,5.7,3075,11.2,4,13,64,3
8,310,8,5100,16,2,5,16,3
9,450,10.4,7250,17.6,4,8,64,3
10,460,10.8,7250,22.4,6,13,128,3
11,460,10.8,7250,22.4,6,13,128,3
12,234,5,4000,7.2,2,13,16,1
13,163,6.22,4030,8,2,8,16,2
14,163,6.22,4030,16,2,13,16,2
15,160,5.67,2920,8,2,13,16,1
16,133,5,2000,5.2,1,5,16,0
17,165,6.09,3200,8,3,16,32,2
18,215,6.65,5000,23.2,8,48,128,3
19,157,5.45,2600,12.8,2,13,16,2
20,144,5,2000,5.6,1,8,16,0
21,144,5,2000,5.2,1,8,16,0
22,215,6.65,5000,22.4,6,48,64,3
23,135,5.45,3200,5.6,2,13,16,1
24,146,6.01,3200,16,2,16,32,2
25,146,5.71,3020,8,3,13,64,2
26,480,10.4,7250,20,6,13,64,3
27,144,5.45,3020,16,2,8,32,2
28,150,6.09,3020,18.4,3,13,64,3
29,146,5.71,3020,16,2,13,32,2
30,146,5.71,3020,8,2,13,32,1
31,150,5.7,3075,11.2,4,13,64,3
32,310,8,5100,16,2,5,16,3
33,450,10.4,7250,17.6,4,8,64,3
34,460,10.8,7250,22.4,6,13,128,3
35,460,10.8,7250,22.4,6,13,128,3
36,498,10.8,7500,20.8,4,13,64,3
37,340,8.4,6100,20.8,6,13,128,3
38,320,8.4,6100,20.8,4,13,64,3
39,149,5,2000,4.8,1,5,4,0
40,149,5,2000,4.8,1,5,4,0
41,327,8,4100,4.8,1,5,8,2
42,131,4.65,2100,6,1,8,4,0
43,143,4.7,1800,5.2,1,8,8,0
44,210,5,4000,5.2,2,8,16,1
45,155,5.2,3000,14.4,6,13,128,3
46,155,5.2,2950,14.4,4,13,64,3
47,223,5,3500,6,3,8,32,1
48,193,5.5,2950,16,4,20,64,3
49,154,5,2100,4.8,1,13,8,0
50,160,5,2000,4.8,1,8,8,0
51,142,5,2700,12,2,16,16,2
52,232,6.4,2800,5.2,1,8,4,1
53,140,5,2000,13.6,1,8,8,1
54,160,5,2000,4.8,1,8,8,0
55,140,4.5,1850,4.8,1,5,4,0
56,140,5.45,3000,11.2,2,13,16,2
57,147,5.2,3000,8.4,4,23,32,2
58,144,5.5,3000,11.2,3,13,32,2
59,144,5.5,3000,11.2,4,16,64,3
60,306,7.9,4680,14.4,3,13,16,3
61,175,5.2,5000,12,3,13,32,2
62,490,9.7,7800,8.4,4,8,32,3
63,320,7.9,4680,8.4,4,8,32,2
64,150,5,2600,4,2,13,16,1
65,151,5.5,3000,16,4,16,64,3
66,490,9.7,7800,8.4,3,8,32,3
67,148,5.2,4130,4.8,3,13,32,1
68,144,5.2,2600,16,4,16,64,3
69,158,5.2,4100,5.2,3,13,32,1
70,155,5.5,3000,16,4,16,64,3
71,135,4.5,2070,4.8,1,8,8,0
72,153,5,2500,4.8,2,8,16,1
73,133,4.5,1600,5.2,1,5,8,0
74,140,5,2070,5.2,2,8,16,0
75,190,6,3000,13.6,2,13,16,2
76,190,6,3000,13.6,2,13,16,2
77,170,5.5,3000,4.8,3,13,32,1
78,155,5,2500,3.2,1,8,8,0
79,156,5.5,3030,13.6,3,13,32,2
80,155,5,2500,3.2,2,8,16,0
81,170,5.5,3000,7.2,2,13,16,1
82,150,4.5,2100,2.4,1,5,8,0
83,148,4.5,2060,3.2,1,5,8,0
84,134,4.5,1750,2.4,1,8,8,0
85,150,5,2300,9.2,2,13,16,1
86,150,5,2300,9.2,2,13,16,1
87,145,5,2110,2.4,2,8,8,0
88,150,4.5,2060,3.2,1,5,8,0
89,116,4,1170,3.2,1,8,8,0
90,105,4.3,1500,5.6,1,8,16,0
91,128,4.5,1840,4.8,1,8,4,0
92,135,5,2520,4.8,2,13,16,1
93,167,5.5,4000,16,4,12,32,3
94,178,5.5,3000,5.6,4,13,32,2
95,180,4.5,3500,16,4,12,64,3
96,165,5.5,3000,8.4,4,21,32,2
97,135,5.2,2610,12,3,13,16,2
98,192,5.4,3410,8.4,3,18,32,2
99,170,5,2800,3,2,8,16,0
100,140,3.1,2100,3,2,8,64,0
101,196,4.5,3450,8.8,3,13,32,2
102,177,3.5,2515,3,2,8,16,0
103,164,5,2500,2.4,1.5,5,8,0
104,170,5,2880,3.4,2,8,16,1
105,120,3.1,2180,2.4,2,5,8,0
106,137,4.2,1800,3,2,8,16,0
107,139,3.1,2100,3,2,8,16,0
108,153,5,2000,5.6,1,5,8,0
109,203,5.5,2500,5.6,1,8,16,1
110,145,5,2000,5.2,1,5,8,0
111,126,5.2,2000,5.2,1,8,16,0
112,167,5.5,2500,5.2,1,8,16,0
113,154,5.34,2500,5.2,1,8,16,0
114,184,5.7,3000,10.4,3,13,32,2
115,159,5.5,2850,5.2,1,8,8,1
116,143,5.5,3000,5.2,3,13,32,1
117,173,6,4000,5.2,2,13,16,1
118,169,6,3000,5.6,3,13,32,1
119,140,5,2000,5.2,2,8,16,0
120,160,5.5,3000,5.2,2,12,16,1
121,174,5.7,3000,5.2,1,13,16,1
122,180,5.5,4010,16,4,13,64,3
123,152,5,3000,11.2,4,13,64,2
124,150,5,2000,5.2,1,8,16,0
125,142,5.5,3150,10.4,3,13,32,2
126,207,6,3500,16,3,24,64,3
127,177,6,3000,5.2,1,8,8,1
128,180,5,5000,5.2,1,8,8,1
129,154,5,2100,5.2,1,8,8,0
130,97,4.8,2100,13.6,1,8,16,1
131,177,6,3200,6.4,2,13,16,1
132,164,5,2200,4.8,1,13,8,0
133,299,7,3000,2.6,1,5,8,1
134,166,5,2000,5.2,1,8,4,0
135,129,5,2300,13.6,2,13,16,2
136,136,5,2000,13.6,1,8,8,1
137,152,5.5,2500,8.8,3,16,32,2
138,155,5,2000,5.2,1,8,4,0
139,166,5.5,2350,5.2,1,8,4,0
140,149,4.5,3000,6,1,8,16,0
141,135,4.8,2000,6,1,8,16,0
142,404,8,4500,4.8,1,5,8,2
143,109,4.7,1800,5.2,1,8,4,0
144,144,5,2000,6,1,12,4,0
145,150,5,2000,4.8,1,8,8,0
146,150,5,2000,5.2,1,13,8,0
147,135,5.45,2670,5.2,2,8,16,1
148,199,6,5000,11.2,4,13,64,3
149,166,5.2,4000,6,3,13,16,2
150,161,5.3,4000,10.4,3,13,32,2
151,151,5.2,3100,5.6,4,13,32,2
152,182,5.5,4010,16,4,13,64,3
153,162,5.3,4000,12,4,13,32,2
154,167,5,2300,5.2,2,8,16,1
155,183,5.5,3100,17.6,3,13,32,3
156,166,5.5,3150,10.4,3,13,32,2
157,170,5.5,3130,14.4,4,13,64,3
158,153,4.5,1800,5.2,1,5,8,0
159,207,4.2,2530,16,4,16,64,3
160,147,5.5,3000,15.2,4,16,64,3
161,200,5.5,5000,4,3,8,16,2
162,208,6,5020,10.4,3,13,64,2
163,183,5,4000,5.2,3,8,32,1
164,153,5,2000,5.2,1,5,16,0
165,147,5.5,3150,10.4,3,13,32,2
166,136,5,2400,5.2,2,8,16,0
167,210,6,3500,16,3,24,64,3
168,176,5,5000,5.2,2,8,16,1
169,211,5.5,6020,5.2,3,13,32,2
170,125,5.2,2700,13.6,2,13,16,2
171,180,5,5000,5.2,1,8,8,1
172,97,4.8,2050,13.6,1,8,16,1
173,150,5,1950,5.2,1,5,8,0
174,133,5,2300,13.6,2,13,16,2
175,160,5.5,3000,11.2,3,13,32,2
176,150,6.09,3020,18.4,3,13,64,3
177,310,8,5100,17.6,4,8,64,3
178,142,5.45,3020,6,2,13,16,1
179,145,5.2,3000,12,3,13,32,2
180,143,5,3020,12,3,13,32,2
181,145,5.09,2900,18.4,4,12,64,3
182,170,5.7,3500,18.4,4,12,32,3
183,168,5.5,3100,9.6,2,13,16,1
184,140,5,2200,4,2,13,16,0
185,156,5.2,3000,16,2,13,16,2
186,160,5,4000,5.2,2,13,16,1
187,158,5.5,3000,9.6,2,13,16,1
188,160,5.2,3100,13.6,3,13,32,2
189,162,5,2550,9.6,2,13,8,1
190,165,5.5,3000,9.6,2,13,8,1
191,156,5,2000,5.2,1,8,16,0
192,160,5,2000,4.8,1,8,8,0
193,156,5,2000,5.2,1,8,16,0
194,140,5,2300,6.4,1,8,8,0
195,195,5.96,4150,8.4,4,16,64,2
196,160,6,3000,4.8,1,8,16,1
197,305,6.95,3000,5.2,1,5,8,1
198,239,7,5000,6.4,2,13,16,2
199,325,7,4100,4.8,1,5,16,1
200,160,6,3000,4.8,1,5,16,1
201,150,5.7,3075,11.2,4,13,64,3
202,188,6,3930,19.2,6,12,128,3
203,142,5.2,2600,17.6,4,16,64,3
204,169,5.5,3000,19.2,6,12,128,3
205,145,5.2,2500,16,4,16,64,3
206,140,5,2200,6.4,2,13,16,1
207,165,5.5,3000,14.4,4,20,64,3
208,148,5,3300,6,3,13,32,1
209,155,5.5,2700,5.6,3,13,32,1
210,149,5,2300,14.4,3,13,32,2
211,153,5.5,2800,12,3,13,32,2
212,142,5,2200,10.4,3,13,32,2
213,158,5,2840,17.6,2,13,16,2
214,156,5.5,2800,12,3,13,32,2
215,158,5,2840,16,2,13,16,2
216,161,5.2,3000,14.4,3,12,32,2
217,155,5.5,2700,6.4,2,13,16,1
218,140,5,2200,6.4,2,13,16,1
219,140,5,2200,4.4,1.5,8,16,0
220,140,5,2000,4.4,1.5,5,8,0
221,170,5.5,3000,17.6,3,13,32,3
222,158,5,2840,17.6,2,13,16,2
223,153,5.5,2800,10.4,2,13,16,1
224,165,5.5,2600,12,2,13,16,2
225,161,5.2,2700,12,3,20,32,2
226,143,5,2150,12,2,13,16,1
227,168,5.2,2840,17.6,3,21,32,3
228,138,5,2000,4.4,1,8,8,0
229,156,4.7,2000,4.4,1.5,8,8,0
230,155,5.2,2840,17.6,3,20,32,3
231,154,5.5,2600,13.6,1,13,16,1
232,146,4.5,2000,4.8,1,8,8,0
233,150,5.5,2800,16,3,20,32,3
234,147,5.5,2800,16,2,13,16,2
235,157,5,2840,12,3,20,32,2
236,155,5.5,2600,13.6,2,13,16,2
237,138,5,2000,13.6,1,13,8,1
238,183,5.5,2600,13.6,2,13,16,2
239,145,4.5,2100,5.2,1,5,8,0
240,160,5,2100,13.6,1,8,8,1
241,160,5,2100,4.8,1,8,8,0
242,160,5,2600,9.2,2,13,16,1
243,154,5.2,2400,9.2,2,13,16,1
244,146,4.7,2040,4.8,1,8,8,0
245,155,5.5,2600,4.8,1,13,16,1
246,155,5.5,2600,13.6,2,13,16,2
247,155,5.5,2600,12,2,13,16,2
248,164,5,2600,9.2,2,13,16,1
249,158,4.7,2100,4.8,1,5,8,0
250,160,5,2600,9.2,2,4,32,1
251,160,5,2600,9.2,2,4,32,1
252,137,4.5,2100,4.8,1.5,13,16,0
253,160,5,2600,9.2,2,4,16,1
254,160,5,1950,4.8,1,5,4,0
255,137,4.5,2110,4.8,1,13,16,0
256,150,5,2000,11.2,1,8,4,1
257,160,5,2600,9.2,2,4,32,1
258,165,5.5,2600,6.4,1.5,13,8,1
259,143,4.7,2040,4.8,1,8,8,0
260,130,4.3,2100,2.4,1,8,8,0
261,149,5,2100,4.8,1,8,8,0
262,149,5,2100,4.8,1,8,8,0
263,150,6.09,3020,8,3,13,32,2
264,150,6.09,3020,8,2,13,32,1
265,142,5.45,3020,6,1,8,16,1
266,475,10.1,7500,18.4,4,8,64,3
267,142,5.45,3020,6,2,13,16,1
268,175,5,2280,4.4,1,8,8,0
269,150,5.7,3000,5.6,3,13,32,1
270,150,5.7,3000,5.6,2,13,16,1
271,155,5.99,3000,11.2,2,13,16,2
272,145,5,3020,5.6,2,13,16,1
273,165,5.5,4000,11.2,3,12,32,2
274,460,9.6,4800,5.6,3,5,32,2
275,140,5,2200,5.2,2,13,16,1
276,350,8,4800,5.6,3,5,32,2
277,165,5.5,4000,11.2,2,12,16,2
278,150,5,3000,5.6,2,13,16,1
279,150,5,3000,5.6,2,8,16,1
280,175,5,2200,4.4,1,8,8,0
281,146,5.2,3000,16.8,4,12,64,3
282,147,5.2,3000,16.8,3,12,16,3
283,138,5,3020,11.2,2,13,16,1
284,145,5,4100,11.2,3,13,16,2
285,160,5.5,3340,16,3,16,32,3
286,146,5,3020,16,3,12,32,3
287,250,7,4360,9.6,3,13,32,2
288,278,7,4100,6,2,2,16,2
289,160,5.5,3340,16,4,16,64,3
290,278,7,4100,4.8,2,5,16,2
291,150,4.5,2100,4,1,5,8,0
292,135,5,2200,5.2,1,8,8,0
293,162,5.5,3400,20,4,12,64,3
294,144,5.2,3000,20,3,12,32,3
295,500,10.1,6660,16,2,13,16,3
296,135,5,2200,12,2,13,16,1
297,185,6,4000,18.4,3,16,32,3
298,167,5.5,3000,12,3,13,32,2
299,160,5,4000,5.2,2,13,16,1
300,167,5.5,3000,12,2,13,16,2
301,330,8,4800,16,2,8,16,3
302,141,4.5,2000,4.4,1,5,8,0
303,160,5,2000,4.8,1,8,4,0
304,131,5,2200,12,2,13,16,1
305,131,5,2200,9.6,2,13,16,1
306,228,6.8,4360,17.6,3,13,64,3
307,150,5,2200,4.8,1,5,8,0
308,239,7,5000,12,2,13,16,2
309,178,5,2000,4.8,1,5,4,0
310,173,6,3500,4.8,1,8,8,1
311,185,6,4100,14.4,3,13,64,3
312,433,9.6,4800,4.8,1,5,8,2
313,278,7,4100,4.8,1,2,8,1
314,153,4.5,2000,4.8,1,5,4,0
315,165,5.5,3000,4.8,2,13,16,1
316,185,6,4100,14.4,2,13,16,2
317,145,4.5,2000,4.8,1,5,8,0
318,160,5,2000,4.8,1,8,4,0
319,124,5,2500,7.2,2,13,16,1
320,180,5.5,2300,5.2,1,5,4,0
321,115,4.5,2000,4.8,1,8,8,0
322,115,4.5,2000,4.8,1,8,4,0
323,329,8,4800,6.4,1,5,8,2
324,239,7,5000,6.4,2,13,16,2
325,120,4.7,2000,6.4,2,8,16,0
326,202,6.1,4050,6.4,2,13,16,2
327,243,5,3240,17.6,4,13,64,3
328,200,4.5,3100,5.6,2,8,16,1
329,187,4.5,3100,5.6,2,8,16,1
330,120,4,2250,5.6,1,2,8,0
331,136,5,2500,6,1,5,16,0
332,147,5.7,3000,5.2,2,13,16,1
333,147,5.7,3000,5.2,3,13,32,1
334,136,5,2500,5.2,3,8,16,1
335,149,5,2500,4.4,1,5,16,0
336,160,5,2350,5.2,2,8,16,1
337,141,4,1500,4.4,1,5,8,0
338,140,4.5,2000,5.2,1,5,8,0
339,163,5.5,3020,12,4,13,32,2
340,159,6.1,3000,8.4,4,16,64,2
341,156,6.1,3000,18.4,4,16,32,3
342,172,6.2,3300,12.8,4,16,64,3
343,171,6.2,3300,12,4,13,64,3
344,145,5.5,3000,12,4,13,64,3
345,140,5,2500,5.6,2,8,16,1
346,168,5.3,2880,5.6,2,13,32,1
347,143,3.2,1700,4.4,1,3,4,0
348,138,4.5,1900,4.8,1,5,8,0
349,155,5,2540,5.2,1,8,8,0
350,139,5.2,2300,12,1.5,8,8,1
351,136,5,2540,4.8,1,8,8,0
352,155,5.5,3000,8.4,3,16,32,2
353,155,5.5,3000,8.4,3,16,32,2
354,165,5.7,3000,4.8,1,8,8,1
355,163,5.7,3000,4.8,1,13,8,1
356,135,5,2610,4.8,1.5,8,16,0
357,137,5,2540,4.8,1,8,8,0
358,124,4.7,2100,4.8,1,8,8,0
359,140,4.5,1900,4.8,1,5,8,0
360,152,5.5,3000,12,2,13,16,2
361,138,4.5,2100,4.8,1,5,4,0
362,153,4.5,1820,4.8,1,8,4,0
363,149,5.5,3000,10,3,13,32,2
364,182,5.9,3000,12,2,13,32,2
365,163,5.5,3000,5.2,1,13,8,1
366,137,5,2540,5.2,1,8,8,0
367,145,4.5,1900,4.8,1,8,4,0
368,167,5.7,3200,4.8,1.5,8,8,1
369,146,5.2,2610,8.8,2,13,32,1
370,294,7,4000,4.8,1,5,16,1
371,168,5.7,3200,4.8,1.5,8,8,1
372,134,5,2540,4.8,1,8,8,0
373,127,4.3,2100,2.4,1,5,4,0
374,149,5.5,3000,10,3,13,32,2
375,149,5.5,3000,10,2,13,16,1
376,136,4.7,3000,4.8,1,8,8,0
377,535,10.1,8000,4.8,1,5,16,2
378,138,5,2540,2.4,1,8,8,0
379,123,4.7,2440,4.8,1,5,8,0
380,339,8.3,4600,6,2,5,16,2
381,121,4.7,2440,6.8,1,13,8,0
382,121,4.7,2440,4.8,1,8,8,0
383,121,4.7,2440,4.8,1,8,8,0
384,125,4.7,2540,4.8,1,5,8,0
385,126,4.7,2540,4.8,1,5,8,0
386,124,4.5,2100,2.4,1,5,4,0
387,126,4.5,2100,2.4,1,5,4,0
388,159,4,2460,2.4,1,5,4,0
389,167,5.5,3140,6.8,2,13,32,1
390,177,6,3500,8.8,2,13,32,2
391,150,5.45,3000,5.2,3,13,32,1
392,150,5.45,3000,5.2,2,13,16,1
393,144,5,2800,5.2,1,8,8,0
394,97,4.8,2000,4.8,2,8,16,0
395,136,4.5,1700,5.2,1,5,8,0
396,143,5,2400,11.2,2,13,16,1
397,134,4.7,2000,5.2,1,8,8,0
398,170,5,3000,5.2,2,8,8,1
399,138,4.5,2000,5.2,1,8,8,0
400,310,8,4400,2.4,1,5,8,1
401,306,7,3200,2.6,1,5,8,1
402,138,4.7,2300,13.6,2,13,16,2
403,163,4.5,1900,5.2,1,5,4,0
404,143,4.5,1950,5.2,1,5,8,0
405,123,4.7,2000,11.2,1,8,8,1
406,136,4.5,1700,5.2,1,5,4,0
407,129,4,1500,4.8,1,5,8,0
408,146,5.5,2350,5.2,1,8,8,0
409,138,5,2000,9,1,8,8,1
410,159,5,2000,4.8,1,8,4,0
411,168,5,2000,5.2,1,8,4,0
412,202,6,2500,2.6,1,5,8,0
413,154,5,2350,13.6,2,16,32,2
414,122,5,2000,5.2,1,8,16,0
415,165,5.7,3340,12,3,20,32,2
416,165,5.7,3340,12,3,20,32,2
417,150,5.2,3000,8.4,3,20,32,2
418,150,5.2,3000,8.4,3,20,32,2
419,141,4.7,2100,4.4,1,5,8,0
420,152,5,2200,4.8,1,8,8,0
421,127,4,1500,2.4,1,2,8,0
422,171,5.7,3000,4.8,1,13,8,1
423,171,5.7,3000,4.8,1,13,8,1
424,171,5.7,3000,4.8,1,13,8,1
425,171,5.7,3000,4.8,1,13,8,1
426,145,5,2500,4.8,1,8,8,0
427,145,5,2500,4.8,1,8,8,0
428,145,5,2500,4.8,1,8,8,0
429,136,4,1560,4.8,1,5,8,0
430,136,4,1560,4.8,1,5,8,0
431,134,4,1560,2.4,1,2,8,0
432,134,4,1560,2.4,1,2,8,0
433,146,5,1905,4.8,1,5,8,0
434,146,5,1905,4.8,1,5,8,0
435,193,6.2,5000,14.4,4,12,64,3
436,149,5.7,3000,14.4,2,13,32,2
437,150,5.2,2800,5.6,2,8,16,1
438,150,5.2,2800,5.6,2,8,16,1
439,174,5.7,4000,5.6,2,13,16,1
440,168,5.5,3000,16,4,13,64,3
441,157,5.2,3000,11.2,3,16,32,2
442,151,5,2800,5.2,2,8,16,1
443,150,5,2800,5.6,2,8,16,1
444,145,5.5,3000,17.6,4,12,64,3
445,154,5,2350,4.4,1,5,8,0
446,163,5.5,3050,15.2,4,16,64,3
447,153,5,3500,4,2,8,16,1
448,165,5.5,3510,16,3,16,32,3
449,140,5,2800,4,1,8,8,0
450,155,5.5,3000,12,4,16,64,3
451,155,5,2470,12,2,13,16,1
452,169,5.5,3630,13.6,2,21,16,2
453,155,5,2470,5.6,1,13,8,0
454,155,5,2470,5.6,1,13,8,0
455,145,4.5,2390,4.8,1,5,8,0
456,145,4.5,2390,4.8,1,5,8,0
457,155,5,2390,4.8,1,8,8,0
458,176,5.2,3900,10.8,3,21,64,2
459,149,5,2070,4.8,1,8,8,0
460,143,4.5,2070,4.8,1,5,8,0
461,125,4.3,2000,3,1,8,8,0
462,142,4.3,1980,2.4,1,5,4,0
463,142,4.3,1980,2.4,1,5,4,0
464,130,4.7,2200,4.8,1,6,8,0
465,134,4.7,2200,4.8,1,6,8,0
466,150,5,2200,4.8,1,10,16,0
467,150,4.3,1800,2.4,1,5,4,0
468,167,5,2420,8.8,2,20,32,1
469,124,4,1430,2,1,5,8,0
470,220,6,3400,3.4,1,5,8,1
471,158,4.5,2000,3,2,41,32,1
472,162,4.5,2000,3,1,8,32,0
473,141,4.3,1800,3,1,8,16,0
474,145,4.3,1800,3,1,8,8,0
475,185,4.5,2000,3,1,8,32,0
476,160,4.3,1650,3,1,8,8,0
477,450,8,4600,4.8,1,5,16,2
478,191,6,2600,6,1,13,4,1
479,146,5,2300,6,1,13,16,0
480,182,5.5,4010,16,4,13,64,3
481,175,5.5,3150,5.6,3,13,32,1
482,180,5.5,5000,16,4,13,64,3
483,184,5,4000,5.2,3,13,16,1
484,162,5.3,4000,12,3,13,32,2
485,210,6,3500,16,3,24,64,3
486,97,4.8,2000,4.8,2,8,16,0
487,138,4.5,1700,5.2,1,5,8,0
488,152,5,2000,5.2,1,5,8,0
489,151,4.7,2120,5.2,1,8,8,0
490,150,5,1950,5.2,1,5,8,0
491,180,5,5000,5.2,1,8,8,1
492,120,5,2400,4.8,2,13,16,1
493,158,5,2000,4.8,1,13,16,0
494,97,4.8,2050,13.6,1,8,16,1
495,119,4.7,2000,6.8,1,8,4,0
496,133,5,2300,13.6,2,13,16,2
497,167,5,2000,5.2,1,8,4,0
498,88,4.5,1800,5.2,1,5,8,0
499,220,5.7,2600,4.8,1,12,16,1
500,175,6.22,4230,16,4,13,64,3
501,155,6,3410,16,6,13,128,3
502,168,6.2,3400,12.8,2,13,32,2
503,400,10.5,7040,16,6,13,128,3
504,460,10.1,6150,14.4,2,8,32,3
505,358,8,5000,5.6,2,5,32,2
506,529,10.5,7300,14.4,3,8,32,3
507,177,6,3300,5.6,1,8,16,1
508,154,5,2600,5.6,1,8,8,0
509,154,5.6,3000,12.8,4,13,64,3
510,152,5,2600,5.6,2,8,16,1
511,150,5.8,3000,17.6,4,16,64,3
512,154,5.6,3000,12.8,4,13,64,3
513,175,5.5,3000,5.6,2,13,16,1
514,159,5.6,3000,12.8,4,16,64,3
515,170,5.5,3300,12.8,3,13,32,2
516,153,5,2600,5.6,1.5,8,16,1
517,191,6,3500,17.6,6,16,64,3
518,130,4.7,2000,5.2,1,5,8,0
519,415,8,4450,12.8,3,8,16,3
520,364,8,5000,5.6,2,8,16,2
521,208,5.8,4000,18.4,4,12,64,3
522,167,5.5,3300,17.6,2,8,16,2
523,167,5.7,3200,18.4,4,12,64,3
524,179,5.7,3300,18.4,4,13,32,3
525,181,5.5,3600,12.8,3,13,16,2
526,160,5.2,3000,12.8,2,13,16,2
527,142,5,2400,5.6,2,13,16,1
528,165,3.8,1950,5.6,2,8,16,0
529,143,4.5,2050,6,1,5,8,0
530,155,5.8,3000,18.4,4,12,64,3
531,173,6.2,3500,18.4,6,12,128,3
532,145,5.2,2600,17.6,4,16,64,3
533,172,5,2800,5.6,2,13,16,1
534,429,9.7,6000,8.4,4,13,32,3
535,126,4,1500,6,1,5,8,0
536,147,5,2600,11.2,1.5,5,16,1
537,172,5.7,3300,17.6,4,16,64,3
538,186,5.7,3600,15.2,3,16,32,3
539,138,4.7,2350,12.8,2,13,16,1
540,160,5,2600,5.6,1.5,8,8,1
541,160,5,2600,5.6,1.5,8,8,1
542,189,6,4000,15.2,6,16,64,3
543,182,5.7,3300,16.8,3,16,32,3
544,169,5.5,3300,12.8,3,13,16,2
545,167,5.5,3300,16,3,13,32,3
546,127,4,1500,6,1,5,8,0
547,172,5.5,3000,4.8,2,13,16,1
548,149,5,2600,5.2,2,8,16,1
549,289,7,4000,6,1.5,8,8,2
550,138,5,2600,6,2,8,16,1
551,138,5,2600,6,1.5,8,8,0
552,154,4.5,2200,5.2,1.5,5,8,0
553,184,5.1,4000,8.4,4,12,32,2
554,139,5,2600,4.8,2,8,16,1
555,210,6,5000,14.4,4,16,32,3
556,170,5.5,3300,12.8,2,13,16,2
557,159,5.2,3100,4.8,2,13,16,1
558,283,7,4000,5.2,1.5,5,8,1
559,157,5.5,3600,8.4,4,12,32,2
560,152,5.1,3000,8.4,4,12,32,2
561,123,4,1500,4.8,1,5,8,0
562,360,8,5000,5.2,1.5,5,16,2
563,131,4.5,2050,5.2,1,5,8,0
564,200,6,4000,14.4,3,13,32,3
565,172,5.5,3300,12.8,3,13,16,2
566,155,5.2,2900,12.8,2,13,16,2
567,132,4.7,2300,6,1.5,13,16,0
568,138,5,2600,5.2,1.5,5,16,0
569,172,5.5,3000,4.8,1.5,13,8,1
570,149,5,2600,5.2,1.5,8,8,0
571,137,5,2600,5.2,1,8,8,0
572,145,5.1,2800,12.8,2,16,16,2
573,107,4.3,1900,4.8,1.5,8,8,0
574,155,3.8,1800,4.8,1.5,8,8,0
575,151,5.7,3050,14.4,2,16,32,2
576,151,5.7,3050,14.4,2,16,32,2
577,171,5.5,3000,11.2,1.5,13,16,2
578,170,5.5,3000,12.8,2,13,16,2
579,322,7,3600,5.2,1,2,8,1
580,490,9.7,6000,4.8,2,5,16,2
581,450,9.7,6000,4.8,1.5,5,16,2
582,338,8,4200,4.8,2,5,16,2
583,313,8,4200,4.8,1.5,5,16,2
584,154,4.5,2200,4.8,1.5,5,8,0
585,129,4.7,2000,5.2,1,5,8,0
586,141,5.5,2600,12,2,13,16,2
587,141,5.5,2600,12,2,13,16,2
588,161,5.25,2500,4.8,1.5,13,16,1
589,141,5.5,2950,4.8,2,13,16,1
590,130,4.5,2000,4.8,1,5,8,0
591,123,5,2300,4.8,2,13,16,1
592,123,5,2300,4.8,2,13,16,1
593,110,4.5,1900,4.8,1,8,16,0
594,152,5,2600,4.8,1,8,8,0
595,156,5,2600,4.8,1,8,8,0
596,126,4.3,1900,4.8,1,5,8,0
597,175,5.7,3000,10.8,3,16,16,2
598,176,5.7,3220,10.8,3,16,32,2
599,176,5.7,3220,10.8,3,16,32,2
600,393,8,4450,4.8,1.5,3,16,2
601,194,6,2800,6,1.5,8,16,1
602,115,4.7,1860,10,2,12,32,1
603,115,4.7,1860,14.4,2,12,32,1
604,118,4.5,2100,5.6,1.5,8,16,0
605,136,4.5,2100,4.8,1.5,5,16,0
606,120,4.5,2100,5.6,1.5,8,16,0
607,130,4,1800,2.4,1,5,4,0
608,158,5.1,2800,10,2,16,16,1
609,149,4.7,2000,4.8,1,5,8,0
610,132,4.8,2100,5.6,1.5,8,16,0
611,245,7,3200,4.8,1.5,8,16,1
612,200,4.8,2430,7.8,2,20,8,1
613,132,4.8,2100,4.8,1.5,8,16,0
614,135,5,2600,9.2,2,13,16,1
615,320,8,4450,4.8,1.5,3,16,2
616,320,8,4450,4.8,1.5,3,16,2
617,487,10.1,6800,4.8,1.5,3,16,2
618,487,10.1,6800,4.8,1.5,3,16,2
619,139,4.52,2100,4.8,1,5,8,0
620,145,5.1,2800,10,2,16,16,1
621,144,5.1,2800,10,2,16,16,1
622,137,4.5,2100,4.8,1.5,5,16,0
623,137,4.5,2100,2.4,1,5,8,0
624,322,7,3600,2.4,1,2,8,1
625,145,4.7,2000,2.4,1,5,8,0
626,146,5,2600,9.2,3,13,16,1
627,163,5.25,2600,4.8,1.5,8,8,0
628,179,3.7,1820,3.4,1.5,8,16,0
629,134,4.5,2100,3.4,1.5,5,8,0
630,154,5.7,2800,9.2,3,13,32,2
631,208,4.3,2330,3,1.5,16,8,0
632,119,3.8,1500,2,1,5,4,0
633,182,5.8,2600,2.8,1.5,8,8,0
634,139,4.5,2000,2.4,1,5,8,0
635,148,4,1700,2,1,5,4,0
636,121,4.3,1650,2.4,1,8,8,0
637,131,4.8,2100,5.6,2,8,16,0
638,146,6.2,3130,20.8,6,22,128,3
639,140,5.5,3020,17.6,6,16,64,3
640,185,5.7,3100,14.4,4,16,64,3
641,160,5.5,3000,23,4,16,32,3
642,151,5.5,2600,10.4,3,13,64,2
643,168,5.7,3000,12,3,13,32,2
644,154,5.2,2030,4.8,2,8,16,0
645,141,5,2040,4.8,1.5,8,8,0
646,153,5,2200,4,1,13,16,0
647,207,6,2500,4,1,13,16,1
648,170,5.5,2600,5.2,1,8,8,0
649,161,5,1850,5.2,1,8,8,0
650,172,5.5,2600,5.2,1,8,8,0
651,130,4.5,1700,4.8,1,8,8,0
652,112,5,1900,5.2,1,8,8,0
653,135,5,2100,5.2,1,8,8,0
654,140,5,2000,4.8,1,8,4,0
655,150,6.22,3260,16,4,13,64,3
656,137,5,2500,5.6,2,8,16,1
657,139,5.7,3000,14.4,4,16,32,3
658,160,5.99,3225,14.4,4,16,64,3
659,157,5.5,3000,5.6,3,13,16,1
660,162,5.5,3000,12,3,13,32,2
661,137,5,2500,5.6,2,8,16,1
662,183,5.85,4015,15.2,4,16,64,3
663,154,5.5,3320,14.4,4,16,64,3
664,154,5.5,3000,12,4,13,64,3
665,142,5.2,2650,11.2,2,8,16,1
666,158,5.5,3160,16,4,16,64,3
667,154,5.5,3000,12,4,13,32,2
668,199,5.88,4000,15.2,6,16,64,3
669,154,5.5,3000,12,4,13,32,2
670,183,5.7,4000,14.4,4,16,64,3
671,151,5.2,3000,14.4,4,13,64,3
672,168,5.5,3000,14.4,4,13,32,3
673,172,5.7,3000,14.4,4,16,64,3
674,140,5.2,2400,14.4,4,13,64,3
675,167,5.43,3600,8.4,6,16,128,3
676,167,5.43,3600,14.4,4,16,128,3
677,157,5,2350,4.8,2,8,16,0
678,137,4.7,2100,5.2,1,8,8,0
679,153,5,2300,4.8,2,13,16,1
680,194,5.5,4150,13.6,3,13,32,2
681,151,5.2,2450,12,2,13,16,2
682,156,5.5,2300,13.6,2,13,16,2
683,150,5,2000,13.6,1,13,16,1
684,156,4.7,2100,5.2,1,8,8,0
685,164,6,3000,14.4,4,16,64,3
686,153,6,3000,11.2,3,13,32,2
687,162,5.7,3000,11.2,4,16,64,3
688,141,4.5,2000,5.2,1,5,4,0
689,175,5,2500,5.2,1,8,8,0
690,143,5,2350,8,2,16,16,1
691,124,4.7,2000,11.2,1,8,8,1
692,119,4.7,2000,6.8,1,8,4,0
693,180,6.26,4000,14.4,4,12,64,3
694,137,5,3000,5.6,1,8,8,0
695,342,8,6000,17.6,4,13,64,3
696,485,10.1,8620,17.6,4,13,128,3
697,180,5.99,4000,16,4,12,64,3
698,137,5,3000,5.6,3,13,32,1
699,153,5.5,3080,11.2,4,13,64,3
700,185,5.99,3400,19.2,8,12,128,3
701,150,5,4100,11.2,4,13,64,3
702,135,5.15,2860,17.6,3,12,64,3
703,165,5.5,4100,16,4,13,64,3
704,165,5.5,4100,16,4,13,64,3
705,156,5,4100,11.2,2,13,16,2
706,156,5,4100,16,3,13,32,3
707,209,6.4,4400,9.2,6,16,256,3
708,145,5.15,3200,8.4,4,12,128,2
709,175,5.5,4100,21,2,13,16,3
710,144,5,4100,11.2,2,13,32,2
711,144,5,4100,11.2,3,13,32,2
712,144,5,4100,11.2,2,13,16,2
713,144,5,4100,12,3,13,32,2
714,129,5.15,3000,7.2,4,16,128,2
715,203,6.44,4850,8.4,2,16,16,2
716,133,5,3260,8.4,3,13,64,2
717,164,5.5,4050,8.4,2,16,16,2
718,144,5,4100,12,2,13,16,2
